Step,SMILES,HasSubstructure,LogP,NumHeavyAtoms,MW,SA,Similarity,DockingAffinity,DockScore,Score,PenalizedScore,lowest_mode1_affinity,pareto_rank
9,CO[C@@H]1[C@@H](OC(=O)c2ccc(C)[nH]2)[C@@H](O)[C@H](Oc2ccc3c(O)c(C4(O)COC4N)c(=O)oc3c2C)OC1(C)C,True,1.061339999999999,40.0,560.5560000000003,5.043137747448647,0.59,-8.3,0.5375000000000001,0.5375000000000001,0.5375000000000001,-8.3,1
13,CO[C@@H]1[C@@H](OC(=O)c2ccc(C)[nH]2)[C@@H](O)[C@H](Oc2ccc3c(O)c(NC(=O)c4cccc(N)c4)c(=O)oc3c2C)OC1(C)C,True,3.3932400000000014,44.0,607.6160000000001,4.368359895478509,0.7553191489361702,-7.8,0.475,0.475,0.475,-8.0,1
14,CO[C@@H]1[C@@H](OC(=O)c2ccc(C)[nH]2)[C@@H](O)[C@H](Oc2ccc3c(O)c(NC(=O)c4cc(N)cc(C)c4C)c(=O)oc3c2C)OC1(C)C,True,4.010080000000003,46.0,635.6700000000002,4.511792279977926,0.7263157894736842,-9.5,0.6875,0.6875,0.6875,-9.5,1
14,CO[C@@H]1[C@@H](OC(=O)c2ccc(C)[nH]2)[C@@H](O)[C@H](Oc2ccc3c(O)c(-c4cc(N)cc5c4C(=O)N5)c(=O)oc3c2C)OC1(C)C,True,3.3736400000000017,44.0,605.6000000000001,4.663339043603111,0.5825242718446602,-9.3,0.6625000000000001,0.6625000000000001,0.6625000000000001,-9.3,1
17,CO[C@@H]1[C@@H](OC(=O)c2ccc(C)[nH]2)[C@@H](O)[C@H](Oc2ccc3c(O)c(Nc4cc(C)cc(S(N)(=O)=O)c4)c(=O)oc3c2C)OC1(C)C,True,3.258160000000002,46.0,657.6980000000001,4.548061449208694,0.6372549019607843,-9.4,0.675,0.675,0.675,-9.4,1
22,CO[C@@H]1[C@@H](OC(=O)c2ccc(C)[nH]2)[C@@H](O)[C@H](Oc2ccc3c(O)c(C(N)C(O)CO)c(=O)oc3c2C)OC1(C)C,True,0.91174,40.0,562.5720000000002,4.8144762325109856,0.6060606060606061,-7.4,0.425,0.425,0.425,-7.4,1
25,CO[C@@H]1[C@@H](OC(=O)c2ccc(C)[nH]2)[C@@H](O)[C@H](Oc2ccc3c(O)c(C4(O)CCC(N)C4)c(=O)oc3c2C)OC1(C)C,True,2.2575400000000005,41.0,572.6110000000003,4.919086934837701,0.5784313725490197,-8.7,0.5874999999999999,0.5874999999999999,0.5874999999999999,-8.7,1
27,CO[C@@H]1[C@@H](OC(=O)c2ccc(C)[nH]2)[C@@H](O)[C@H](Oc2ccc3c(O)c(NCc4ccc5ccccc5c4C)c(=O)oc3c2C)OC1(C)C,True,5.632460000000005,47.0,642.7050000000002,4.485516574615034,0.6336633663366337,-9.6,0.7,0.7,0.7,-9.7,1
27,CO[C@@H]1[C@@H](OC(=O)c2ccc(C)[nH]2)[C@@H](O)[C@H](Oc2ccc3c(O)c(Nc4ccc5c(C)cccc5c4)c(=O)oc3c2C)OC1(C)C,True,5.763960000000005,46.0,628.6780000000001,4.442167804016387,0.6336633663366337,-9.44,0.6800000000000002,0.6800000000000002,0.6800000000000002,-9.6,1
27,CO[C@@H]1[C@@H](OC(=O)c2ccc(C)[nH]2)[C@@H](O)[C@H](Oc2ccc3c(O)c(NCc4ccc5c(=O)[nH]ccc5c4C)c(=O)oc3c2C)OC1(C)C,True,4.320760000000003,48.0,659.6920000000001,4.664977546879775,0.6274509803921569,-9.6,0.7,0.7,0.7,-9.8,1
28,CO[C@@H]1[C@@H](OC(=O)c2ccc(C)[nH]2)[C@@H](O)[C@H](Oc2ccc3c(O)c(Nc4cc(S(N)(=O)=O)ccc4C)c(=O)oc3c2C)OC1(C)C,True,3.258160000000002,46.0,657.6980000000001,4.498673879977925,0.6372549019607843,-7.9,0.4875,0.4875,0.4875,-9.3,1
28,CO[C@@H]1[C@@H](OC(=O)c2ccc(C)[nH]2)[C@@H](O)[C@H](Oc2ccc3c(O)c(NCCc4ccccc4C)c(=O)oc3c2C)OC1(C)C,True,4.521760000000003,44.0,606.6720000000001,4.39506294697247,0.6464646464646465,-8.86,0.6074999999999999,0.6074999999999999,0.6074999999999999,-8.9,1
29,C#CC(N)c1c(O)c2ccc(O[C@@H]3OC(C)(C)[C@H](OC)[C@@H](OC(=O)c4ccc(C)[nH]4)[C@H]3O)c(C)c2oc1=O,True,2.19174,38.0,526.5420000000003,4.74713149953154,0.5959595959595959,-5.9,0.2375,0.2375,0.2375,-7.8,1
30,C#CCNc1c(O)c2ccc(O[C@@H]3OC(C)(C)[C@H](OC)[C@@H](OC(=O)c4ccc(C)[nH]4)[C@H]3O)c(C)c2oc1=O,True,2.60384,38.0,526.5420000000003,4.569644138571015,0.6808510638297872,-7.6,0.4499999999999999,0.4499999999999999,0.0,-7.6,1
30,CO[C@@H]1[C@@H](OC(=O)c2ccc(C)[nH]2)[C@@H](O)[C@H](Oc2ccc3c(O)c(C(N)CO)c(=O)oc3c2C)OC1(C)C,True,1.5508399999999998,38.0,532.5460000000003,4.593167645909434,0.625,-6.720000000000001,0.3400000000000001,0.3400000000000001,0.3400000000000001,-7.0,1
33,CO[C@@H]1[C@@H](OC(=O)c2ccc(C)[nH]2)[C@@H](O)[C@H](Oc2ccc3c(O)c(NCCO)c(=O)oc3c2C)OC1(C)C,True,1.96294,38.0,532.5460000000003,4.434023724369832,0.6956521739130435,-6.040000000000001,0.2550000000000001,0.2550000000000001,0.2550000000000001,-6.5,1
33,CO[C@@H]1[C@@H](OC(=O)c2ccc(C)[nH]2)[C@@H](O)[C@H](Oc2ccc3c(O)c(NCC(=O)NCCO)c(=O)oc3c2C)OC1(C)C,True,1.0791399999999998,42.0,589.5980000000002,4.481838794912065,0.6530612244897959,-7.5,0.4375,0.4375,0.4375,-7.6,1
34,CO[C@@H]1[C@@H](OC(=O)c2ccc(C)[nH]2)[C@@H](O)[C@H](Oc2ccc3c(O)c(C4CC(N)C4O)c(=O)oc3c2C)OC1(C)C,True,1.73424,40.0,558.5840000000002,4.965391240723326,0.6020408163265306,-7.9,0.4875,0.4875,0.4875,-7.9,1
34,CO[C@@H]1[C@@H](OC(=O)c2ccc(C)[nH]2)[C@@H](O)[C@H](Oc2ccc3c(O)c(NS(=O)(=O)c4cccc(N)c4)c(=O)oc3c2C)OC1(C)C,True,2.941740000000001,45.0,643.671,4.473790543662549,0.6274509803921569,-9.2,0.6499999999999999,0.6499999999999999,0.6499999999999999,-9.2,1
36,CO[C@@H]1[C@@H](OC(=O)c2ccc(C)[nH]2)[C@@H](O)[C@H](Oc2ccc3c(O)c(C4CCC(N)C4)c(=O)oc3c2C)OC1(C)C,True,3.1535400000000013,40.0,556.6120000000003,4.734013528548281,0.5841584158415841,-8.3,0.5375000000000001,0.5375000000000001,0.5375000000000001,-8.3,1
36,CO[C@@H]1[C@@H](OC(=O)c2ccc(C)[nH]2)[C@@H](O)[C@H](Oc2ccc3c(O)c(NC4(O)CN(C(=O)CO)C4)c(=O)oc3c2C)OC1(C)C,True,0.4937399999999994,44.0,617.6080000000002,4.823563593384881,0.6336633663366337,-8.8,0.6000000000000001,0.6000000000000001,0.6000000000000001,-8.8,1
37,CO[C@@H]1[C@@H](OC(=O)c2ccc(C)[nH]2)[C@@H](O)[C@H](Oc2ccc3c(O)c(NC4CCc5ccccc54)c(=O)oc3c2C)OC1(C)C,True,4.658140000000003,44.0,604.6560000000002,4.577635666640663,0.6116504854368932,-9.3,0.6625000000000001,0.6625000000000001,0.6625000000000001,-9.3,1
38,C/C=C/Cc1c(O)c2ccc(O[C@@H]3OC(C)(C)[C@H](OC)[C@@H](OC(=O)c4ccc(C)[nH]4)[C@H]3O)c(C)c2oc1=O,True,3.677340000000002,38.0,527.5700000000003,4.507184671115395,0.6595744680851063,-7.5,0.4375,0.4375,0.4375,-7.5,1
40,CO[C@@H]1[C@@H](OC(=O)c2ccc(C)[nH]2)[C@@H](O)[C@H](Oc2ccc3c(O)c(NC(=O)c4ccc(N)cc4O)c(=O)oc3c2C)OC1(C)C,True,3.098840000000001,45.0,623.6150000000001,4.468133883249791,0.7263157894736842,-8.8,0.6000000000000001,0.6000000000000001,0.6000000000000001,-8.9,1
44,CO[C@@H]1[C@@H](OC(=O)c2ccc(C)[nH]2)[C@@H](O)[C@H](Oc2ccc3c(O)c(Cc4ccc(N)nc4)c(=O)oc3c2C)OC1(C)C,True,3.1267400000000016,42.0,579.6060000000002,4.451914651214681,0.5769230769230769,-7.779999999999999,0.4724999999999999,0.4724999999999999,0.4724999999999999,-8.4,1
48,CO[C@@H]1[C@@H](OC(=O)c2ccc(C)[nH]2)[C@@H](O)[C@H](Oc2ccc3c(O)c(OCCN)c(=O)oc3c2C)OC1(C)C,True,1.89624,38.0,532.5460000000004,4.399392363423086,0.6185567010309279,-6.58,0.3225,0.3225,0.3225,-7.9,1
50,CO[C@@H]1[C@@H](OC(=O)c2ccc(C)[nH]2)[C@@H](O)[C@H](Oc2ccc3c(O)c(NC4CCN(C(=O)CO)C4)c(=O)oc3c2C)OC1(C)C,True,1.563839999999999,44.0,615.6360000000002,4.691067177037141,0.6213592233009708,-8.2,0.5249999999999999,0.5249999999999999,0.5249999999999999,-8.2,1
50,CO[C@@H]1[C@@H](OC(=O)c2ccc(C)[nH]2)[C@@H](O)[C@H](Oc2ccc3c(O)c(OCc4cc(N)ccc4C)c(=O)oc3c2C)OC1(C)C,True,4.028360000000003,44.0,608.6440000000002,4.434060467633628,0.6078431372549019,-8.2,0.5249999999999999,0.5249999999999999,0.5249999999999999,-9.0,1
50,CO[C@@H]1[C@@H](OC(=O)c2ccc(C)[nH]2)[C@@H](O)[C@H](Oc2ccc3c(O)c(NCc4ccccc4)c(=O)oc3c2C)OC1(C)C,True,4.170840000000003,42.0,578.6180000000002,4.295980137850062,0.6666666666666666,-8.2,0.5249999999999999,0.5249999999999999,0.5249999999999999,-8.2,1
51,CO[C@@H]1[C@@H](OC(=O)c2ccc(C)[nH]2)[C@@H](O)[C@H](Oc2ccc3c(O)c(NC(=O)Nc4ccc(C)cc4O)c(=O)oc3c2C)OC1(C)C,True,4.2167600000000025,46.0,637.642,4.456772148109794,0.6907216494845361,-9.3,0.6625000000000001,0.6625000000000001,0.6625000000000001,-9.3,1
51,CO[C@@H]1[C@@H](OC(=O)c2ccc(C)[nH]2)[C@@H](O)[C@H](Oc2ccc3c(O)c(N[C@@H]4CNC(=O)[C@H]4O)c(=O)oc3c2C)OC1(C)C,True,0.8299399999999991,42.0,587.5820000000001,4.962950790800996,0.6363636363636364,-8.2,0.5249999999999999,0.5249999999999999,0.5249999999999999,-8.2,1
51,CO[C@@H]1[C@@H](OC(=O)c2ccc(C)[nH]2)[C@@H](O)[C@H](Oc2ccc3c(O)c(CNC(=O)c4ccc(N)cc4)c(=O)oc3c2C)OC1(C)C,True,3.070940000000001,45.0,621.6430000000001,4.369689191002622,0.64,-8.459999999999999,0.5574999999999999,0.5574999999999999,0.5574999999999999,-8.6,1
55,CO[C@@H]1[C@@H](OC(=O)c2ccc(C)[nH]2)[C@@H](O)[C@H](Oc2ccc3c(O)c(NCCNC(=O)c4ccccc4)c(=O)oc3c2C)OC1(C)C,True,3.400640000000002,46.0,635.6700000000001,4.36778691459331,0.6666666666666666,-9.0,0.625,0.625,0.625,-9.0,1
55,CO[C@@H]1[C@@H](OC(=O)c2ccc(C)[nH]2)[C@@H](O)[C@H](Oc2ccc3c(O)c(OCCNC(=O)c4ccc(N)cc4)c(=O)oc3c2C)OC1(C)C,True,2.949740000000001,47.0,651.6690000000002,4.405903060002811,0.6153846153846154,-8.4,0.55,0.55,0.55,-8.4,1
56,CO[C@@H]1[C@@H](OC(=O)c2ccc(C)[nH]2)[C@@H](O)[C@H](Oc2ccc3c(O)c(C(N)(CO)CO)c(=O)oc3c2C)OC1(C)C,True,0.6973399999999994,40.0,562.5720000000002,4.7253463882385525,0.625,-7.1,0.3874999999999999,0.3874999999999999,0.3874999999999999,-7.1,1
56,CO[C@@H]1[C@@H](OC(=O)c2ccc(C)[nH]2)[C@@H](O)[C@H](Oc2ccc3c(O)c(CC(N)c4ccc5c(c4)CC(=O)N5C)c(=O)oc3c2C)OC1(C)C,True,3.320140000000002,48.0,661.7080000000002,4.789295262501951,0.5350877192982456,-9.7,0.7124999999999999,0.7124999999999999,0.7124999999999999,-9.7,1
58,CO[C@@H]1[C@@H](OC(=O)c2ccc(C)[nH]2)[C@@H](O)[C@H](Oc2ccc3c(O)c(CCNC(=O)c4cc(N)ccc4O)c(=O)oc3c2C)OC1(C)C,True,2.819040000000001,47.0,651.6690000000002,4.507141810518843,0.625,-9.1,0.6375,0.6375,0.6375,-9.1,1
59,CO[C@@H]1[C@@H](OC(=O)c2ccc(C)[nH]2)[C@@H](O)[C@H](Oc2ccc3c(O)c(CCOc4ccc(N)nc4)c(=O)oc3c2C)OC1(C)C,True,3.157440000000002,44.0,609.6320000000002,4.514363451386088,0.5607476635514018,-8.919999999999998,0.6149999999999998,0.6149999999999998,0.6149999999999998,-9.0,1
60,CCCCCOc1c(O)c2ccc(O[C@@H]3OC(C)(C)[C@H](OC)[C@@H](OC(=O)c4ccc(C)[nH]4)[C@H]3O)c(C)c2oc1=O,True,4.127740000000003,40.0,559.6120000000003,4.324426877749042,0.6122448979591837,-7.4,0.425,0.425,0.425,-7.4,1
62,CO[C@@H]1[C@@H](OC(=O)c2ccc(C)[nH]2)[C@@H](O)[C@H](Oc2ccc3c(O)c(NCCNC(=O)NCCO)c(=O)oc3c2C)OC1(C)C,True,1.2621400000000005,44.0,618.6400000000001,4.52940210781163,0.6530612244897959,-8.0,0.5,0.5,0.5,-8.0,1
62,CO[C@@H]1[C@@H](OC(=O)c2ccc(C)[nH]2)[C@@H](O)[C@H](Oc2ccc3c(O)c(NC4(O)COC4)c(=O)oc3c2C)OC1(C)C,True,1.6894399999999998,40.0,560.5560000000003,4.7394070445547145,0.65625,-7.9,0.4875,0.4875,0.4875,-7.9,1
63,CO[C@@H]1[C@@H](OC(=O)c2ccc(C)[nH]2)[C@@H](O)[C@H](Oc2ccc3c(O)c(N4CCCCC4)c(=O)oc3c2C)OC1(C)C,True,3.5490400000000024,40.0,556.6120000000003,4.388269361211526,0.6020408163265306,-8.1,0.5125,0.5125,0.5125,-8.1,1
64,CO[C@@H]1[C@@H](OC(=O)c2ccc(C)[nH]2)[C@@H](O)[C@H](Oc2ccc3c(O)c(C(CN)(CO)CO)c(=O)oc3c2C)OC1(C)C,True,0.7398399999999998,41.0,576.5990000000003,4.781352949886127,0.6185567010309279,-7.3199999999999985,0.4149999999999998,0.4149999999999998,0.4149999999999998,-7.4,1
65,CO[C@@H]1[C@@H](OC(=O)c2ccc(C)[nH]2)[C@@H](O)[C@H](Oc2ccc3c(O)c(C(O)(CN)CO)c(=O)oc3c2C)OC1(C)C,True,0.6973399999999993,40.0,562.5720000000002,4.828752472509622,0.6122448979591837,-6.533333333333334,0.3166666666666667,0.3166666666666667,0.3166666666666667,-6.7,1
66,CO[C@@H]1[C@@H](OC(=O)c2ccc(C)[nH]2)[C@@H](O)[C@H](Oc2ccc3c(O)c(NC[C@@H]4CNC(=O)c5ccccc54)c(=O)oc3c2C)OC1(C)C,True,3.497840000000002,47.0,647.6810000000002,4.797399004550618,0.6153846153846154,-9.6,0.7,0.7,0.7,-9.6,1
66,CO[C@@H]1[C@@H](OC(=O)c2ccc(C)[nH]2)[C@@H](O)[C@H](Oc2ccc3c(O)c(CNC(=O)C(C)N)c(=O)oc3c2C)OC1(C)C,True,1.5221399999999998,41.0,573.5990000000003,4.558319082667246,0.6039603960396039,-7.5,0.4375,0.4375,0.4375,-7.6,1
68,CO[C@@H]1[C@@H](OC(=O)c2ccc(C)[nH]2)[C@@H](O)[C@H](Oc2ccc3c(O)c(CCNC(=O)C(C)N)c(=O)oc3c2C)OC1(C)C,True,1.5646399999999994,42.0,587.6260000000002,4.58224333309383,0.5922330097087378,-7.8,0.475,0.475,0.475,-7.8,1
71,CO[C@@H]1[C@@H](OC(=O)c2ccc(C)[nH]2)[C@@H](O)[C@H](Oc2ccc3c(O)c(CCNC(=O)COc4ccccc4)c(=O)oc3c2C)OC1(C)C,True,3.2964400000000014,47.0,650.6810000000002,4.363518218772404,0.5700934579439252,-8.7,0.5874999999999999,0.5874999999999999,0.5874999999999999,-8.7,1
71,COCCNC(=O)CNc1c(O)c2ccc(O[C@@H]3OC(C)(C)[C@H](OC)[C@@H](OC(=O)c4ccc(C)[nH]4)[C@H]3O)c(C)c2oc1=O,True,1.733239999999999,43.0,603.6250000000002,4.468884321925417,0.6565656565656566,-7.4,0.425,0.425,0.425,-7.7,1
72,CO[C@@H]1[C@@H](OC(=O)c2ccc(C)[nH]2)[C@@H](O)[C@H](Oc2ccc3c(O)c(CNS(=O)(=O)c4cc(N)ccc4N)c(=O)oc3c2C)OC1(C)C,True,2.20164,47.0,672.713,4.591945108819379,0.5794392523364486,-8.8,0.6000000000000001,0.6000000000000001,0.6000000000000001,-9.1,1
73,CO[C@@H]1[C@@H](OC(=O)c2ccc(C)[nH]2)[C@@H](O)[C@H](Oc2ccc3c(O)c(OCCCN4CCCC4)c(=O)oc3c2C)OC1(C)C,True,3.423440000000002,43.0,600.6650000000003,4.374541166775483,0.5769230769230769,-7.5,0.4375,0.4375,0.4375,-7.5,1
73,CO[C@@H]1[C@@H](OC(=O)c2ccc(C)[nH]2)[C@@H](O)[C@H](Oc2ccc3c(O)c(NCCN4CCOCC4)c(=O)oc3c2C)OC1(C)C,True,2.30284,43.0,601.6530000000002,4.466625012929329,0.6274509803921569,-8.4,0.55,0.55,0.55,-8.4,1
75,CO[C@@H]1[C@@H](OC(=O)c2ccc(C)[nH]2)[C@@H](O)[C@H](Oc2ccc3c(O)c(COC(=O)c4ccccc4N)c(=O)oc3c2C)OC1(C)C,True,3.4979400000000016,45.0,622.6270000000002,4.419413632689966,0.5825242718446602,-8.8,0.6000000000000001,0.6000000000000001,0.6000000000000001,-8.8,1
76,CO[C@@H]1[C@@H](OC(=O)c2ccc(C)[nH]2)[C@@H](O)[C@H](Oc2ccc3c(O)c(COc4ccc(C)cc4C)c(=O)oc3c2C)OC1(C)C,True,4.754580000000004,44.0,607.6560000000002,4.360564854156195,0.61,-9.0,0.625,0.625,0.625,-9.0,1
76,CO[C@@H]1[C@@H](OC(=O)c2ccc(C)[nH]2)[C@@H](O)[C@H](Oc2ccc3c(O)c(Cc4ccc(CN)cc4)c(=O)oc3c2C)OC1(C)C,True,3.608240000000002,43.0,592.6450000000002,4.353445756303601,0.6060606060606061,-7.0,0.375,0.375,0.375,-8.4,1
77,CO[C@@H]1[C@@H](OC(=O)c2ccc(C)[nH]2)[C@@H](O)[C@H](Oc2ccc3c(O)c(CC(N)(CO)CO)c(=O)oc3c2C)OC1(C)C,True,0.7833399999999995,41.0,576.5990000000003,4.679652326185504,0.6288659793814433,-6.44,0.305,0.305,0.2033333333333334,-7.3,1
77,CO[C@@H]1[C@@H](OC(=O)c2ccc(C)[nH]2)[C@@H](O)[C@H](Oc2ccc3c(O)c(CC(N)C(O)CO)c(=O)oc3c2C)OC1(C)C,True,0.7817399999999997,41.0,576.5990000000003,4.818423369349135,0.594059405940594,-7.6,0.4499999999999999,0.4499999999999999,0.4499999999999999,-7.6,1
78,CO[C@@H]1[C@@H](OC(=O)c2ccc(C)[nH]2)[C@@H](O)[C@H](Oc2ccc3c(O)c(NCc4ccc(C)c(=O)[nH]4)c(=O)oc3c2C)OC1(C)C,True,3.1675600000000017,44.0,609.6320000000001,4.615633894207053,0.6464646464646465,-9.3,0.6625000000000001,0.6625000000000001,0.4416666666666667,-9.3,1
80,CO[C@@H]1[C@@H](OC(=O)c2ccc(C)[nH]2)[C@@H](O)[C@H](Oc2ccc3c(O)c(-c4ccc5c(c4)CCC5N)c(=O)oc3c2C)OC1(C)C,True,4.171740000000002,44.0,604.6560000000002,4.638232188032107,0.5607476635514018,-9.3,0.6625000000000001,0.6625000000000001,0.6625000000000001,-9.3,1
81,CO[C@@H]1[C@@H](OC(=O)c2ccc(C)[nH]2)[C@@H](O)[C@H](Oc2ccc3c(O)c(OCCNC(=O)CN)c(=O)oc3c2C)OC1(C)C,True,1.0124400000000002,42.0,589.5980000000003,4.447526821667918,0.5922330097087378,-7.1,0.3874999999999999,0.3874999999999999,0.3874999999999999,-7.2,1
83,CO[C@@H]1[C@@H](OC(=O)c2ccc(C)[nH]2)[C@@H](O)[C@H](Oc2ccc3c(O)c(-c4cc(N)ccc4F)c(=O)oc3c2C)OC1(C)C,True,3.947040000000002,42.0,582.5810000000002,4.422181136049186,0.5882352941176471,-8.820000000000002,0.6025000000000003,0.6025000000000003,0.4016666666666669,-8.9,1
83,CO[C@@H]1[C@@H](OC(=O)c2ccc(C)[nH]2)[C@@H](O)[C@H](Oc2ccc3c(O)c(-c4ccc(CN)cc4)c(=O)oc3c2C)OC1(C)C,True,3.684440000000002,42.0,578.6180000000003,4.335099664477282,0.6060606060606061,-7.4,0.425,0.425,0.425,-7.6,1
87,CO[C@@H]1[C@@H](OC(=O)c2ccc(C)[nH]2)[C@@H](O)[C@H](Oc2ccc3c(O)c(CNC(=O)CCNC(=O)CN)c(=O)oc3c2C)OC1(C)C,True,0.6399400000000013,45.0,630.6510000000002,4.484991294131593,0.5961538461538461,-7.4,0.425,0.425,0.425,-7.6,1
87,CO[C@@H]1[C@@H](OC(=O)c2ccc(C)[nH]2)[C@@H](O)[C@H](Oc2ccc3c(O)c(CCNC(=O)CCNC(=O)CCNN)c(=O)oc3c2C)OC1(C)C,True,0.5771400000000031,48.0,673.7200000000001,4.627403047694749,0.5961538461538461,-8.5,0.5625,0.5625,0.5625,-8.5,1
87,CO[C@@H]1[C@@H](OC(=O)c2ccc(C)[nH]2)[C@@H](O)[C@H](Oc2ccc3c(O)c(C(N)CN4CCOCC4)c(=O)oc3c2C)OC1(C)C,True,1.89074,43.0,601.6530000000002,4.646675510042458,0.5660377358490566,-8.3,0.5375000000000001,0.5375000000000001,0.5375000000000001,-8.3,1
89,CO[C@@H]1[C@@H](OC(=O)c2ccc(C)[nH]2)[C@@H](O)[C@H](Oc2ccc3c(O)c(COc4nnc(N)nc4O)c(=O)oc3c2C)OC1(C)C,True,1.61054,44.0,613.5800000000002,4.755126456190525,0.5607476635514018,-8.4,0.55,0.55,0.55,-8.4,1
89,CO[C@@H]1[C@@H](OC(=O)c2ccc(C)[nH]2)[C@@H](O)[C@H](Oc2ccc3c(O)c(NCC(O)C4CCC(=O)N4)c(=O)oc3c2C)OC1(C)C,True,1.61014,44.0,615.6360000000001,4.962827830448124,0.625,-8.6,0.575,0.575,0.575,-8.6,1
90,CO[C@@H]1[C@@H](OC(=O)c2ccc(C)[nH]2)[C@@H](O)[C@H](Oc2ccc3c(O)c(CNC(=O)c4ccc(N)c(=O)[nH]4)c(=O)oc3c2C)OC1(C)C,True,1.75924,46.0,638.6300000000001,4.625380939318584,0.6078431372549019,-9.0,0.625,0.625,0.625,-9.0,1
92,CO[C@@H]1[C@@H](OC(=O)c2ccc(C)[nH]2)[C@@H](O)[C@H](Oc2ccc3c(O)c(-c4ccc(C)c(N)c4)c(=O)oc3c2C)OC1(C)C,True,4.116360000000002,42.0,578.6180000000003,4.403598393574271,0.6,-9.1,0.6375,0.6375,0.6375,-9.1,1
92,CO[C@@H]1[C@@H](OC(=O)c2ccc(C)[nH]2)[C@@H](O)[C@H](Oc2ccc3c(O)c(NCC(=O)NC[C@@H](C)O)c(=O)oc3c2C)OC1(C)C,True,1.4676399999999994,43.0,603.6250000000001,4.643803957160951,0.6336633663366337,-8.0,0.5,0.5,0.5,-8.0,1
93,CO[C@@H]1[C@@H](OC(=O)c2ccc(C)[nH]2)[C@@H](O)[C@H](Oc2ccc3c(O)c(-c4cc(C(C)N)[nH]n4)c(=O)oc3c2C)OC1(C)C,True,2.968540000000001,42.0,582.6100000000002,4.7842369081686416,0.5714285714285714,-9.0,0.625,0.625,0.625,-9.0,1
94,CO[C@@H]1[C@@H](OC(=O)c2ccc(C)[nH]2)[C@@H](O)[C@H](Oc2ccc3c(O)c(C4(N)COC4)c(=O)oc3c2C)OC1(C)C,True,1.74294,39.0,544.5570000000004,4.638522548337093,0.6020408163265306,-7.6,0.4499999999999999,0.4499999999999999,0.4499999999999999,-7.6,1
96,CO[C@@H]1[C@@H](OC(=O)c2ccc(C)[nH]2)[C@@H](O)[C@H](Oc2ccc3c(O)c(C45CC(CO4)O5)c(=O)oc3c2C)OC1(C)C,True,2.530640000000001,40.0,557.5520000000002,5.649011909209073,0.6060606060606061,-8.2,0.5249999999999999,0.5249999999999999,0.5249999999999999,-8.2,1
96,CO[C@@H]1[C@@H](OC(=O)c2ccc(C)[nH]2)[C@@H](O)[C@H](Oc2ccc3c(O)c(C45CC(C4)C5=O)c(=O)oc3c2C)OC1(C)C,True,2.7892400000000013,40.0,553.5640000000003,5.375537673884267,0.6020408163265306,-8.2,0.5249999999999999,0.5249999999999999,0.5249999999999999,-8.2,1
97,CO[C@@H]1[C@@H](OC(=O)c2ccc(C)[nH]2)[C@@H](O)[C@H](Oc2ccc3c(O)c(C4(O)CS(=O)(=O)C4)c(=O)oc3c2C)OC1(C)C,True,1.1747399999999997,41.0,593.6070000000002,4.718522766555944,0.5959595959595959,-8.2,0.5249999999999999,0.5249999999999999,0.5249999999999999,-8.3,1
101,CO[C@@H]1[C@@H](OC(=O)c2ccc(C)[nH]2)[C@@H](O)[C@H](Oc2ccc3c(O)c(-c4cc(O)c(N)c(O)c4)c(=O)oc3c2C)OC1(C)C,True,3.219140000000002,43.0,596.5890000000002,4.609561285118678,0.6288659793814433,-9.2,0.6499999999999999,0.6499999999999999,0.6499999999999999,-9.2,1
101,CO[C@@H]1[C@@H](OC(=O)c2ccc(C)[nH]2)[C@@H](O)[C@H](Oc2ccc3c(O)c(CN4CCOCC4)c(=O)oc3c2C)OC1(C)C,True,2.3909400000000005,41.0,572.6110000000003,4.390742346975523,0.594059405940594,-7.8,0.475,0.475,0.475,-7.9,1
106,CO[C@@H]1[C@@H](OC(=O)c2ccc(C)[nH]2)[C@@H](O)[C@H](Oc2ccc3c(O)c(CCNC(=O)c4ccc(N)cc4)c(=O)oc3c2C)OC1(C)C,True,3.113440000000001,46.0,635.6700000000002,4.400519746967628,0.6274509803921569,-8.483333333333334,0.5604166666666668,0.5604166666666668,0.5604166666666668,-8.8,1
109,CO[C@@H]1[C@@H](OC(=O)c2ccc(C)[nH]2)[C@@H](O)[C@H](Oc2ccc3c(O)c(Cc4ccc(N)cc4)c(=O)oc3c2C)OC1(C)C,True,3.731740000000002,42.0,578.6180000000003,4.345199001347309,0.6060606060606061,-7.540000000000001,0.4425000000000001,0.4425000000000001,0.4425000000000001,-7.7,1
112,CO[C@@H]1[C@@H](OC(=O)c2ccc(C)[nH]2)[C@@H](O)[C@H](Oc2ccc3c(O)c(CCn4c(N)nc5ccccc54)c(=O)oc3c2C)OC1(C)C,True,3.733340000000002,46.0,632.6700000000002,4.508924654977925,0.5504587155963303,-9.4,0.675,0.675,0.675,-9.4,1
114,CO[C@@H]1[C@@H](OC(=O)c2ccc(C)[nH]2)[C@@H](O)[C@H](Oc2ccc3c(O)c(-c4ccn(C)c4N)c(=O)oc3c2C)OC1(C)C,True,3.146440000000002,41.0,567.5950000000003,4.615739462360139,0.5784313725490197,-8.6,0.575,0.575,0.575,-8.6,1
117,CO[C@@H]1[C@@H](OC(=O)c2ccc(C)[nH]2)[C@@H](O)[C@H](Oc2ccc3c(O)c(CCN4CCCCC4)c(=O)oc3c2C)OC1(C)C,True,3.5871400000000024,42.0,584.6660000000004,4.386460611222844,0.5882352941176471,-7.9,0.4875,0.4875,0.1625,-7.9,1
121,CO[C@@H]1[C@@H](OC(=O)c2ccc(C)[nH]2)[C@@H](O)[C@H](Oc2ccc3c(O)c(CNS(=O)(=O)c4ccc(CN)cc4)c(=O)oc3c2C)OC1(C)C,True,2.49594,47.0,671.7250000000001,4.473453796207572,0.5700934579439252,-8.320000000000002,0.5400000000000003,0.5400000000000003,0.5400000000000003,-8.6,1
122,CO[C@@H]1[C@@H](OC(=O)c2ccc(C)[nH]2)[C@@H](O)[C@H](Oc2ccc3c(O)c(COc4nc5ccccc5nc4N)c(=O)oc3c2C)OC1(C)C,True,3.663140000000001,47.0,646.6530000000001,4.561023562283854,0.5555555555555556,-9.6,0.7,0.7,0.7,-9.6,1
124,CO[C@@H]1[C@@H](OC(=O)c2ccc(C)[nH]2)[C@@H](O)[C@H](Oc2ccc3c(O)c(Cc4nc5ccccc5[nH]4)c(=O)oc3c2C)OC1(C)C,True,4.025840000000002,44.0,603.6280000000002,4.436564823145078,0.5769230769230769,-9.0,0.625,0.625,0.625,-9.1,1
126,CO[C@@H]1[C@@H](OC(=O)c2ccc(C)[nH]2)[C@@H](O)[C@H](Oc2ccc3c(O)c(-c4ccc(CCN)cc4)c(=O)oc3c2C)OC1(C)C,True,3.7269400000000017,43.0,592.6450000000002,4.349307036200175,0.6,-8.8,0.6000000000000001,0.6000000000000001,0.6000000000000001,-8.8,1
130,CO[C@@H]1[C@@H](OC(=O)c2ccc(C)[nH]2)[C@@H](O)[C@H](Oc2ccc3c(O)c(CN4CC(N)C4)c(=O)oc3c2C)OC1(C)C,True,1.7016399999999996,40.0,557.6000000000003,4.490858420701503,0.594059405940594,-6.7,0.3375,0.3375,0.3375,-7.1,1
134,CO[C@@H]1[C@@H](OC(=O)c2ccc(C)[nH]2)[C@@H](O)[C@H](Oc2ccc3c(O)c(Cc4cccc(C)c4)c(=O)oc3c2C)OC1(C)C,True,4.457960000000004,42.0,577.6300000000002,4.3121329536019495,0.61,-7.9,0.4875,0.4875,0.4875,-8.1,1
137,CO[C@@H]1[C@@H](OC(=O)c2ccc(C)[nH]2)[C@@H](O)[C@H](Oc2ccc3c(O)c(CC(=O)c4ccc(N)c(O)c4C)c(=O)oc3c2C)OC1(C)C,True,3.5803600000000024,46.0,636.6540000000002,4.629935418439464,0.6,-9.4,0.675,0.675,0.675,-9.4,1
137,CO[C@@H]1[C@@H](OC(=O)c2ccc(C)[nH]2)[C@@H](O)[C@H](Oc2ccc3c(O)c(C4CNC(=O)C4N)c(=O)oc3c2C)OC1(C)C,True,1.09944,41.0,571.5830000000002,4.927123885387152,0.5784313725490197,-6.9,0.3625,0.3625,0.3625,-8.4,1
141,CO[C@@H]1[C@@H](OC(=O)c2ccc(C)[nH]2)[C@@H](O)[C@H](Oc2ccc3c(O)c(CN4CCC(C)CC4)c(=O)oc3c2C)OC1(C)C,True,3.7906400000000025,42.0,584.6660000000004,4.40187870957012,0.5882352941176471,-8.1,0.5125,0.5125,0.5125,-8.4,1
141,CO[C@@H]1[C@@H](OC(=O)c2ccc(C)[nH]2)[C@@H](O)[C@H](Oc2ccc3c(O)c(CCN4CCCC4)c(=O)oc3c2C)OC1(C)C,True,3.197040000000001,41.0,570.6390000000004,4.382775950214391,0.594059405940594,-7.6,0.4499999999999999,0.4499999999999999,0.4499999999999999,-7.7,1
142,CO[C@@H]1[C@@H](OC(=O)c2ccc(C)[nH]2)[C@@H](O)[C@H](Oc2ccc3c(O)c(CNC(=O)C(C)O)c(=O)oc3c2C)OC1(C)C,True,1.55574,41.0,574.5830000000002,4.59226835501652,0.61,-7.3,0.4125,0.4125,0.4125,-7.9,1
152,CO[C@@H]1[C@@H](OC(=O)c2ccc(C)[nH]2)[C@@H](O)[C@H](Oc2ccc3c(O)c(OCc4ccc(N)c(F)c4)c(=O)oc3c2C)OC1(C)C,True,3.859040000000002,44.0,612.6070000000001,4.4327719743087695,0.580952380952381,-8.9,0.6125,0.6125,0.6125,-9.0,1
153,CO[C@@H]1[C@@H](OC(=O)c2ccc(C)[nH]2)[C@@H](O)[C@H](Oc2ccc3c(O)c(NCC(=O)NCc4ccccc4)c(=O)oc3c2C)OC1(C)C,True,3.287040000000001,46.0,635.6700000000001,4.374625616516386,0.6274509803921569,-9.0,0.625,0.625,0.4166666666666667,-9.1,1
153,CO[C@@H]1[C@@H](OC(=O)c2ccc(C)[nH]2)[C@@H](O)[C@H](Oc2ccc3c(O)c(CNC(=O)CN4CCOCC4)c(=O)oc3c2C)OC1(C)C,True,1.50714,45.0,629.6630000000002,4.435112044600635,0.5700934579439252,-8.4,0.55,0.55,0.55,-8.4,1
153,CO[C@@H]1[C@@H](OC(=O)c2ccc(C)[nH]2)[C@@H](O)[C@H](Oc2ccc3c(O)c(CNS(=O)(=O)c4ccccc4CN)c(=O)oc3c2C)OC1(C)C,True,2.49594,47.0,671.7249999999999,4.529503885653012,0.5648148148148148,-9.1,0.6375,0.6375,0.6375,-9.1,1
154,CO[C@@H]1[C@@H](OC(=O)c2ccc(C)[nH]2)[C@@H](O)[C@H](Oc2ccc3c(O)c(NCc4ccc(-c5ccccc5)cc4)c(=O)oc3c2C)OC1(C)C,True,5.837840000000005,48.0,654.7160000000001,4.331384772636475,0.64,-9.4,0.675,0.675,0.675,-9.5,1
159,CO[C@@H]1[C@@H](OC(=O)c2ccc(C)[nH]2)[C@@H](O)[C@H](Oc2ccc3c(O)c(CNCC(O)CN)c(=O)oc3c2C)OC1(C)C,True,0.96794,41.0,575.6150000000002,4.640308962382127,0.5922330097087378,-7.6,0.4499999999999999,0.4499999999999999,0.4499999999999999,-7.6,1
161,CO[C@@H]1[C@@H](OC(=O)c2ccc(C)[nH]2)[C@@H](O)[C@H](Oc2ccc3c(O)c(CN4CC(O)C4)c(=O)oc3c2C)OC1(C)C,True,1.7352399999999994,40.0,558.5840000000003,4.465629204046598,0.6060606060606061,-7.2,0.4,0.4,0.4,-7.2,1
167,CO[C@@H]1[C@@H](OC(=O)c2ccc(C)[nH]2)[C@@H](O)[C@H](Oc2ccc3c(O)c(Cc4nccc(N)n4)c(=O)oc3c2C)OC1(C)C,True,2.5217400000000003,42.0,580.5940000000003,4.55725046023325,0.5714285714285714,-8.1,0.5125,0.5125,0.5125,-8.1,1
169,CO[C@@H]1[C@@H](OC(=O)c2ccc(C)[nH]2)[C@@H](O)[C@H](Oc2ccc3c(O)c(CNS(=O)(=O)c4cc(N)ccc4F)c(=O)oc3c2C)OC1(C)C,True,2.758540000000001,47.0,675.6880000000001,4.554551839588611,0.5636363636363636,-9.02,0.6275,0.6275,0.6275,-9.3,1
170,CO[C@@H]1[C@@H](OC(=O)c2ccc(C)[nH]2)[C@@H](O)[C@H](Oc2ccc3c(O)c(CNC(=O)c4ccc(CN)cc4)c(=O)oc3c2C)OC1(C)C,True,2.947440000000001,46.0,635.6700000000002,4.381784919590281,0.6274509803921569,-8.2,0.5249999999999999,0.5249999999999999,0.5249999999999999,-8.3,1
181,CO[C@@H]1[C@@H](OC(=O)c2ccc(C)[nH]2)[C@@H](O)[C@H](Oc2ccc3c(O)c(CNC(=O)Cn4ccc(N)n4)c(=O)oc3c2C)OC1(C)C,True,1.653839999999999,45.0,625.6350000000001,4.57019601482396,0.5545454545454546,-8.1,0.5125,0.5125,0.5125,-8.2,1
182,CO[C@@H]1[C@@H](OC(=O)c2ccc(C)[nH]2)[C@@H](O)[C@H](Oc2ccc3c(O)c(CO)c(=O)oc3c2C)OC1(C)C,True,2.0510399999999995,36.0,503.5040000000004,4.368900977319454,0.6593406593406593,-6.8,0.35,0.35,0.35,-7.4,1
184,CO[C@@H]1[C@@H](OC(=O)c2ccc(C)[nH]2)[C@@H](O)[C@H](Oc2ccc3c(O)c(CNC(=O)c4ccc(N)nc4)c(=O)oc3c2C)OC1(C)C,True,2.4659400000000007,45.0,622.6310000000001,4.466610034675077,0.6095238095238096,-7.9,0.4875,0.4875,0.4875,-8.5,1
187,CO[C@@H]1[C@@H](OC(=O)c2ccc(C)[nH]2)[C@@H](O)[C@H](Oc2ccc3c(O)c(C[C@H](N)CO)c(=O)oc3c2C)OC1(C)C,True,1.4208399999999994,39.0,546.5730000000003,4.623086857088086,0.6122448979591837,-7.4,0.425,0.425,0.425,-7.5,1
189,CO[C@@H]1[C@@H](OC(=O)c2ccc(C)[nH]2)[C@@H](O)[C@H](Oc2ccc3c(O)c(-c4nc(N)oc4C)c(=O)oc3c2C)OC1(C)C,True,3.1043600000000016,41.0,569.5670000000002,4.654171193129371,0.5841584158415841,-8.8,0.6000000000000001,0.6000000000000001,0.6000000000000001,-8.8,1
192,CO[C@@H]1[C@@H](OC(=O)c2ccc(C)[nH]2)[C@@H](O)[C@H](Oc2ccc3c(O)c(CC(=O)NCc4ccc(CN)cc4)c(=O)oc3c2C)OC1(C)C,True,2.876340000000001,47.0,649.6970000000002,4.412240338109321,0.5865384615384616,-8.4,0.55,0.55,0.55,-8.9,1
194,CO[C@@H]1[C@@H](OC(=O)c2ccc(C)[nH]2)[C@@H](O)[C@H](Oc2ccc3c(O)c(NCc4ccc5c(=O)[nH]c(=O)[nH]c5c4)c(=O)oc3c2C)OC1(C)C,True,2.70064,48.0,662.6520000000002,4.624448917614304,0.6372549019607843,-9.5,0.6875,0.6875,0.6875,-9.5,1
196,CO[C@@H]1[C@@H](OC(=O)c2ccc(C)[nH]2)[C@@H](O)[C@H](Oc2ccc3c(O)c(CNC(=O)CCNCCO)c(=O)oc3c2C)OC1(C)C,True,1.1469400000000003,44.0,617.6520000000002,4.4894908554276505,0.5865384615384616,-7.8,0.475,0.475,0.475,-7.8,1
203,CO[C@@H]1[C@@H](OC(=O)c2ccc(C)[nH]2)[C@@H](O)[C@H](Oc2ccc3c(O)c(Cc4cc(N)ccc4-c4ccccc4)c(=O)oc3c2C)OC1(C)C,True,5.3987400000000045,48.0,654.7160000000001,4.436381703367435,0.5961538461538461,-9.9,0.7375,0.7375,0.7375,-9.9,1
203,CO[C@@H]1[C@@H](OC(=O)c2ccc(C)[nH]2)[C@@H](O)[C@H](Oc2ccc3c(O)c(-c4nc(N)cc(=O)n4C)c(=O)oc3c2C)OC1(C)C,True,1.90164,43.0,596.5930000000002,4.657589687485542,0.5769230769230769,-8.2,0.5249999999999999,0.5249999999999999,0.5249999999999999,-8.3,1
209,CO[C@@H]1[C@@H](OC(=O)c2ccc(C)[nH]2)[C@@H](O)[C@H](Oc2ccc3c(O)c(COc4nccc(CN)n4)c(=O)oc3c2C)OC1(C)C,True,2.3864400000000003,44.0,610.6200000000001,4.635763577489493,0.5607476635514018,-8.6,0.575,0.575,0.575,-8.7,1
210,CO[C@@H]1[C@@H](OC(=O)c2ccc(C)[nH]2)[C@@H](O)[C@H](Oc2ccc3c(O)c(NCC(=O)N4CC(O)C4)c(=O)oc3c2C)OC1(C)C,True,1.173739999999999,43.0,601.6090000000002,4.565274894586134,0.64,-7.9,0.4875,0.4875,0.4875,-7.9,1
210,CO[C@@H]1[C@@H](OC(=O)c2ccc(C)[nH]2)[C@@H](O)[C@H](Oc2ccc3c(O)c(CNC(=O)C[C@@H](N)CO)c(=O)oc3c2C)OC1(C)C,True,0.8846400000000008,43.0,603.6250000000002,4.676129400947934,0.5865384615384616,-7.9,0.4875,0.4875,0.4875,-7.9,1
217,CO[C@@H]1[C@@H](OC(=O)c2ccc(C)[nH]2)[C@@H](O)[C@H](Oc2ccc3c(O)c(C(O)C(O)C(O)CN)c(=O)oc3c2C)OC1(C)C,True,0.2726399999999993,42.0,592.5980000000002,4.965804936582218,0.594059405940594,-6.5,0.3125,0.3125,0.3125,-6.7,1
221,CO[C@@H]1[C@@H](OC(=O)c2ccc(C)[nH]2)[C@@H](O)[C@H](Oc2ccc3c(O)c(COc4ccc(N)nc4F)c(=O)oc3c2C)OC1(C)C,True,3.2540400000000016,44.0,613.5950000000001,4.590909927264905,0.5660377358490566,-9.14,0.6425000000000001,0.6425000000000001,0.6425000000000001,-9.2,1
225,CO[C@@H]1[C@@H](OC(=O)c2ccc(C)[nH]2)[C@@H](O)[C@H](Oc2ccc3c(O)c(C(N)C(O)CNCCO)c(=O)oc3c2C)OC1(C)C,True,0.501340000000001,43.0,605.6410000000002,4.892223772389138,0.580952380952381,-7.8,0.475,0.475,0.475,-8.1,1
226,CO[C@@H]1[C@@H](OC(=O)c2ccc(C)[nH]2)[C@@H](O)[C@H](Oc2ccc3c(O)c(COc4cc(F)c(N)nc4C)c(=O)oc3c2C)OC1(C)C,True,3.5624600000000024,45.0,627.6220000000002,4.612428817583751,0.5648148148148148,-9.3,0.6625000000000001,0.6625000000000001,0.6625000000000001,-9.3,1
230,CO[C@@H]1[C@@H](OC(=O)c2ccc(C)[nH]2)[C@@H](O)[C@H](Oc2ccc3c(O)c(-c4ccc(F)c(N)n4)c(=O)oc3c2C)OC1(C)C,True,3.3420400000000017,42.0,583.5690000000002,4.512843343407047,0.5673076923076923,-9.1,0.6375,0.6375,0.6375,-9.1,1
233,CO[C@@H]1[C@@H](OC(=O)c2ccc(C)[nH]2)[C@@H](O)[C@H](Oc2ccc3c(O)c(CN4CCCCC4)c(=O)oc3c2C)OC1(C)C,True,3.544640000000002,41.0,570.6390000000004,4.350968662764998,0.6060606060606061,-6.5,0.3125,0.3125,0.3125,-7.8,1
233,CO[C@@H]1[C@@H](OC(=O)c2ccc(C)[nH]2)[C@@H](O)[C@H](Oc2ccc3c(O)c(CNS(=O)(=O)c4ccc(Cl)nc4N)c(=O)oc3c2C)OC1(C)C,True,2.667840000000001,47.0,693.1309999999999,4.653218666511688,0.5495495495495496,-9.3,0.6625000000000001,0.6625000000000001,0.6625000000000001,-9.4,1
239,CO[C@@H]1[C@@H](OC(=O)c2ccc(C)[nH]2)[C@@H](O)[C@H](Oc2ccc3c(O)c(CCn4cc(CO)c(N)n4)c(=O)oc3c2C)OC1(C)C,True,2.0724399999999994,44.0,612.6360000000002,4.676939170748693,0.5607476635514018,-8.8,0.6000000000000001,0.6000000000000001,0.6000000000000001,-8.8,1
244,CO[C@@H]1[C@@H](OC(=O)c2ccc(C)[nH]2)[C@@H](O)[C@H](Oc2ccc3c(O)c(-c4ccc(N)c(O)n4)c(=O)oc3c2C)OC1(C)C,True,2.9085400000000003,42.0,581.5780000000002,4.6070321059488535,0.5841584158415841,-8.9,0.6125,0.6125,0.6125,-8.9,1
248,CO[C@@H]1[C@@H](OC(=O)c2ccc(C)[nH]2)[C@@H](O)[C@H](Oc2ccc3c(O)c(S(=O)(=O)NCC(O)CNCCO)c(=O)oc3c2C)OC1(C)C,True,-0.2201599999999979,46.0,669.7060000000001,4.810913020659251,0.5648148148148148,-7.7,0.4625,0.4625,0.4625,-7.7,1
257,CO[C@@H]1[C@@H](OC(=O)c2ccc(C)[nH]2)[C@@H](O)[C@H](Oc2ccc3c(O)c(-c4nccc(CN)n4)c(=O)oc3c2C)OC1(C)C,True,2.4744400000000004,42.0,580.5940000000003,4.563092104795583,0.5865384615384616,-8.2,0.5249999999999999,0.5249999999999999,0.5249999999999999,-8.3,1
257,CO[C@@H]1[C@@H](OC(=O)c2ccc(C)[nH]2)[C@@H](O)[C@H](Oc2ccc3c(O)c(CC(=O)c4ccc(N)nc4)c(=O)oc3c2C)OC1(C)C,True,2.9613400000000016,44.0,607.6160000000002,4.5145878675064814,0.6019417475728155,-9.1,0.6375,0.6375,0.6375,-9.1,1
268,CO[C@@H]1[C@@H](OC(=O)c2ccc(C)[nH]2)[C@@H](O)[C@H](Oc2ccc3c(O)c(CNC(=O)CN4CCN(C)CC4)c(=O)oc3c2C)OC1(C)C,True,1.4223400000000008,46.0,642.7060000000002,4.445705089184467,0.5700934579439252,-7.6,0.4499999999999999,0.4499999999999999,0.4499999999999999,-7.6,1
272,CO[C@@H]1[C@@H](OC(=O)c2ccc(C)[nH]2)[C@@H](O)[C@H](Oc2ccc3c(O)c(-c4c(N)cc5c(c4F)NC5=O)c(=O)oc3c2C)OC1(C)C,True,3.5127400000000017,45.0,623.5900000000001,4.785527129028404,0.5660377358490566,-9.7,0.7124999999999999,0.7124999999999999,0.7124999999999999,-9.7,1
275,CO[C@@H]1[C@@H](OC(=O)c2ccc(C)[nH]2)[C@@H](O)[C@H](Oc2ccc3c(O)c(S(=O)(=O)NCC(N)CO)c(=O)oc3c2C)OC1(C)C,True,0.1566400000000014,43.0,625.6530000000001,4.773157507456809,0.5865384615384616,-7.7,0.4625,0.4625,0.4625,-7.7,1
275,CO[C@@H]1[C@@H](OC(=O)c2ccc(C)[nH]2)[C@@H](O)[C@H](Oc2ccc3c(O)c(C(O)C(N)C(O)CNCCO)c(=O)oc3c2C)OC1(C)C,True,-0.1377599999999992,45.0,635.6670000000001,5.09006460570556,0.5849056603773585,-7.2,0.4,0.4,0.4,-7.2,1
276,CO[C@@H]1[C@@H](OC(=O)c2ccc(C)[nH]2)[C@@H](O)[C@H](Oc2ccc3c(O)c(C(O)[C@@H](N)CO)c(=O)oc3c2C)OC1(C)C,True,0.91174,40.0,562.5720000000002,4.808144181228934,0.6060606060606061,-7.3,0.4125,0.4125,0.4125,-7.3,1
276,CO[C@@H]1[C@@H](OC(=O)c2ccc(C)[nH]2)[C@@H](O)[C@H](Oc2ccc3c(O)c(COc4cc(F)nc(N)n4)c(=O)oc3c2C)OC1(C)C,True,2.6490400000000003,44.0,614.5830000000001,4.662677632287155,0.5648148148148148,-8.94,0.6174999999999999,0.6174999999999999,0.6174999999999999,-9.0,1
284,CO[C@@H]1[C@@H](OC(=O)c2ccc(C)[nH]2)[C@@H](O)[C@H](Oc2ccc3c(O)c(-c4cc(N)nc(F)n4)c(=O)oc3c2C)OC1(C)C,True,2.7370400000000004,42.0,584.5570000000002,4.645056052437147,0.5769230769230769,-8.3,0.5375000000000001,0.5375000000000001,0.5375000000000001,-8.8,1
303,CO[C@@H]1[C@@H](OC(=O)c2ccc(C)[nH]2)[C@@H](O)[C@H](Oc2ccc3c(O)c(-c4cc(O)cnc4N)c(=O)oc3c2C)OC1(C)C,True,2.908540000000001,42.0,581.5780000000002,4.5702025407314615,0.5882352941176471,-8.7,0.5874999999999999,0.5874999999999999,0.5874999999999999,-8.7,1
316,CO[C@@H]1[C@@H](OC(=O)c2ccc(C)[nH]2)[C@@H](O)[C@H](Oc2ccc3c(O)c(C(N)C(O)C(=O)NCCO)c(=O)oc3c2C)OC1(C)C,True,0.0279400000000014,44.0,619.6240000000001,4.8738523150544255,0.580952380952381,-8.0,0.5,0.5,0.5,-8.0,1
321,CO[C@@H]1[C@@H](OC(=O)c2ccc(C)[nH]2)[C@@H](O)[C@H](Oc2ccc3c(O)c(-c4ccc(C(O)CN)cc4O)c(=O)oc3c2C)OC1(C)C,True,2.923440000000001,45.0,624.6430000000001,4.695818610422675,0.5961538461538461,-9.2,0.6499999999999999,0.6499999999999999,0.6499999999999999,-9.2,1
324,CO[C@@H]1[C@@H](OC(=O)c2ccc(C)[nH]2)[C@@H](O)[C@H](Oc2ccc3c(O)c(CNC(=O)c4nc(N)sc4F)c(=O)oc3c2C)OC1(C)C,True,2.6665400000000004,45.0,646.6500000000001,4.720678723775119,0.5636363636363636,-8.6,0.575,0.575,0.575,-9.4,1
328,CO[C@@H]1[C@@H](OC(=O)c2ccc(C)[nH]2)[C@@H](O)[C@H](Oc2ccc3c(O)c(COC(=O)c4cc(O)c(N)nc4F)c(=O)oc3c2C)OC1(C)C,True,2.7376400000000007,47.0,657.6040000000002,4.757241142473227,0.5740740740740741,-9.5,0.6875,0.6875,0.6875,-9.5,1
331,CO[C@@H]1[C@@H](OC(=O)c2ccc(C)[nH]2)[C@@H](O)[C@H](Oc2ccc3c(O)c(CSc4nc5nc(N)[nH]c5c(=O)[nH]4)c(=O)oc3c2C)OC1(C)C,True,2.3928400000000005,47.0,668.6850000000001,4.83302282331642,0.5357142857142857,-9.6,0.7,0.7,0.7,-9.6,1
332,CO[C@@H]1[C@@H](OC(=O)c2ccc(C)[nH]2)[C@@H](O)[C@H](Oc2ccc3c(O)c(C(O)C(N)(CO)CO)c(=O)oc3c2C)OC1(C)C,True,0.27424,42.0,592.5980000000002,4.89027260828999,0.6,-7.0,0.375,0.375,0.125,-7.0,1
332,CO[C@@H]1[C@@H](OC(=O)c2ccc(C)[nH]2)[C@@H](O)[C@H](Oc2ccc3c(O)c(C(O)c4cc(S(=O)(=O)NF)ccc4N)c(=O)oc3c2C)OC1(C)C,True,2.385440000000001,48.0,691.6869999999999,4.952336951582102,0.5495495495495496,-9.4,0.675,0.675,0.675,-9.4,1
342,CO[C@@H]1[C@@H](OC(=O)c2ccc(C)[nH]2)[C@@H](O)[C@H](Oc2ccc3c(O)c(CNC(=O)c4ccc(N)nc4F)c(=O)oc3c2C)OC1(C)C,True,2.6050400000000007,46.0,640.6210000000001,4.597604016241661,0.5740740740740741,-9.1,0.6375,0.6375,0.6375,-9.2,1
352,CO[C@@H]1[C@@H](OC(=O)c2ccc(C)[nH]2)[C@@H](O)[C@H](Oc2ccc3c(O)c(-c4cc(O)c(N)c(F)c4)c(=O)oc3c2C)OC1(C)C,True,3.6526400000000017,43.0,598.5800000000002,4.576487912337613,0.5980392156862745,-9.1,0.6375,0.6375,0.6375,-9.2,1
366,CO[C@@H]1[C@@H](OC(=O)c2ccc(C)[nH]2)[C@@H](O)[C@H](Oc2ccc3c(O)c(COc4ccc(F)cc4)c(=O)oc3c2C)OC1(C)C,True,4.276840000000004,43.0,597.5920000000001,4.308548148029523,0.594059405940594,-8.5,0.5625,0.5625,0.5625,-8.6,1
392,CO[C@@H]1[C@@H](OC(=O)c2ccc(C)[nH]2)[C@@H](O)[C@H](Oc2ccc3c(O)c(C(N)CC(O)CO)c(=O)oc3c2C)OC1(C)C,True,1.30184,41.0,576.5990000000003,4.850484076209842,0.594059405940594,-7.62,0.4525,0.4525,0.4525,-7.7,1
405,CO[C@@H]1[C@@H](OC(=O)c2ccc(C)[nH]2)[C@@H](O)[C@H](Oc2ccc3c(O)c(C(C)OC(=O)c4cnc(N)nc4O)c(=O)oc3c2C)OC1(C)C,True,2.5545400000000003,47.0,654.6290000000001,4.879318781231476,0.5363636363636364,-9.4,0.675,0.675,0.675,-9.4,1
406,CO[C@@H]1[C@@H](OC(=O)c2ccc(C)[nH]2)[C@@H](O)[C@H](Oc2ccc3c(O)c(NC(=O)c4cc(F)c(N)nc4CO)c(=O)oc3c2C)OC1(C)C,True,2.41964,47.0,656.6200000000001,4.7016088107424565,0.6764705882352942,-9.4,0.675,0.675,0.675,-9.4,1
407,CO[C@@H]1[C@@H](OC(=O)c2ccc(C)[nH]2)[C@@H](O)[C@H](Oc2ccc3c(O)c(-c4nc(N)c(O)nc4O)c(=O)oc3c2C)OC1(C)C,True,2.0091399999999995,43.0,598.5650000000002,4.787626373876074,0.594059405940594,-8.9,0.6125,0.6125,0.6125,-8.9,1
428,COC(O)C(O)C(O)C(O)C(O)C(O)c1c(O)c2ccc(O[C@@H]3OC(C)(C)[C@H](OC)[C@@H](OC(=O)c4ccc(C)[nH]4)[C@H]3O)c(C)c2oc1=O,True,-0.9994599999999962,48.0,683.6600000000003,5.436644165633889,0.5841584158415841,-7.8,0.475,0.475,0.475,-7.8,1
457,CO[C@@H]1[C@@H](OC(=O)c2ccc(C)[nH]2)[C@@H](O)[C@H](Oc2ccc3c(O)c(C(O)C(O)C(O)C(O)C(O)CN)c(=O)oc3c2C)OC1(C)C,True,-1.0055600000000002,46.0,652.6500000000001,5.2520532946121055,0.5825242718446602,-6.7,0.3375,0.3375,0.3375,-6.8,1
460,CO[C@@H]1[C@@H](OC(=O)c2ccc(C)[nH]2)[C@@H](O)[C@H](Oc2ccc3c(O)c(S(=O)(=O)NC(C)N)c(=O)oc3c2C)OC1(C)C,True,1.1417399999999998,41.0,595.6270000000002,4.765024911433076,0.6,-7.9,0.4875,0.4875,0.4875,-7.9,1
470,CO[C@@H]1[C@@H](OC(=O)c2ccc(C)[nH]2)[C@@H](O)[C@H](Oc2ccc3c(O)c(OCn4cc(N)c(=O)[nH]c4=O)c(=O)oc3c2C)OC1(C)C,True,1.02744,45.0,628.5910000000001,4.698533883249793,0.5660377358490566,-8.7,0.5874999999999999,0.5874999999999999,0.5874999999999999,-8.7,1
477,CO[C@@H]1[C@@H](OC(=O)c2ccc(C)[nH]2)[C@@H](O)[C@H](Oc2ccc3c(O)c(S(=O)(=O)NCC(O)CN)c(=O)oc3c2C)OC1(C)C,True,0.1566400000000014,43.0,625.6530000000001,4.750953528676969,0.580952380952381,-6.3,0.2875,0.2875,0.2875,-6.8,1
501,CO[C@@H]1[C@@H](OC(=O)c2ccc(C)[nH]2)[C@@H](O)[C@H](Oc2ccc3c(O)c(OCc4cc(O)c(N)c(O)c4)c(=O)oc3c2C)OC1(C)C,True,3.131140000000001,45.0,626.6150000000001,4.61921455867193,0.6138613861386139,-8.9,0.6125,0.6125,0.6125,-9.2,1
530,CO[C@@H]1[C@@H](OC(=O)c2ccc(C)[nH]2)[C@@H](O)[C@H](Oc2ccc3c(O)c(C(O)C(N)c4c[nH]c(=O)c(=O)[nH]4)c(=O)oc3c2C)OC1(C)C,True,0.6687400000000001,46.0,642.618,5.131393313993948,0.5514018691588785,-9.0,0.625,0.625,0.625,-9.0,1
534,CO[C@@H]1[C@@H](OC(=O)c2ccc(C)[nH]2)[C@@H](O)[C@H](Oc2ccc3c(O)c(CNC(=O)CN)c(=O)oc3c2C)OC1(C)C,True,1.13364,40.0,559.5720000000002,4.4282712647382,0.6161616161616161,-7.5,0.4375,0.4375,0.4375,-7.5,1
537,CO[C@@H]1[C@@H](OC(=O)c2ccc(C)[nH]2)[C@@H](O)[C@H](Oc2ccc3c(O)c(COC(=O)NCCNC(=O)CCl)c(=O)oc3c2C)OC1(C)C,True,2.13994,46.0,666.0800000000002,4.571501818439463,0.5961538461538461,-8.6,0.575,0.575,0.575,-8.6,1
559,CO[C@@H]1[C@@H](OC(=O)c2ccc(C)[nH]2)[C@@H](O)[C@H](Oc2ccc3c(O)c(-c4cc(O)c(F)c(N)n4)c(=O)oc3c2C)OC1(C)C,True,3.047640000000001,43.0,599.5680000000001,4.669906847248855,0.5865384615384616,-9.2,0.6499999999999999,0.6499999999999999,0.6499999999999999,-9.2,1
574,CO[C@@H]1[C@@H](OC(=O)c2ccc(C)[nH]2)[C@@H](O)[C@H](Oc2ccc3c(O)c(C(N)c4nnc(O)n4C)c(=O)oc3c2C)OC1(C)C,True,1.44094,43.0,599.5970000000001,4.917479696805922,0.5566037735849056,-8.4,0.55,0.55,0.55,-8.4,1
578,CO[C@@H]1[C@@H](OC(=O)c2ccc(C)[nH]2)[C@@H](O)[C@H](Oc2ccc3c(O)c(OCCN(C)C(=O)CN)c(=O)oc3c2C)OC1(C)C,True,1.3546400000000005,43.0,603.6250000000002,4.53163347446779,0.5714285714285714,-7.7,0.4625,0.4625,0.4625,-7.7,1
579,CO[C@@H]1[C@@H](OC(=O)c2ccc(C)[nH]2)[C@@H](O)[C@H](Oc2ccc3c(O)c(NCCn4c(=O)[nH]c5ccccc54)c(=O)oc3c2C)OC1(C)C,True,3.3138400000000017,47.0,648.6690000000001,4.558174002683149,0.6095238095238096,-9.6,0.7,0.7,0.7,-9.6,1
679,CO[C@@H]1[C@@H](OC(=O)c2ccc(C)[nH]2)[C@@H](O)[C@H](Oc2ccc3c(O)c(NCn4nnnc4O)c(=O)oc3c2C)OC1(C)C,True,1.3204399999999992,42.0,586.5580000000001,4.779417966864549,0.6336633663366337,-7.9,0.4875,0.4875,0.4875,-7.9,1
687,CO[C@@H]1[C@@H](OC(=O)c2ccc(C)[nH]2)[C@@H](O)[C@H](Oc2ccc3c(O)c(NCc4nn(C)c(=O)[nH]4)c(=O)oc3c2C)OC1(C)C,True,1.592639999999999,43.0,599.5970000000001,4.779852509669877,0.6336633663366337,-8.5,0.5625,0.5625,0.5625,-8.5,1
689,CO[C@@H]1[C@@H](OC(=O)c2ccc(C)[nH]2)[C@@H](O)[C@H](Oc2ccc3c(O)c(COC(=O)c4nonc4N)c(=O)oc3c2C)OC1(C)C,True,1.88094,44.0,614.5640000000002,4.632896958415572,0.5714285714285714,-8.6,0.575,0.575,0.575,-8.6,1
694,CO[C@@H]1[C@@H](OC(=O)c2ccc(C)[nH]2)[C@@H](O)[C@H](Oc2ccc3c(O)c(NC(=O)C(C)O)c(=O)oc3c2C)OC1(C)C,True,1.87804,40.0,560.5560000000002,4.55875631866347,0.6989247311827957,-8.1,0.5125,0.5125,0.5125,-8.2,1
696,CO[C@@H]1[C@@H](OC(=O)c2ccc(C)[nH]2)[C@@H](O)[C@H](Oc2ccc3c(O)c(C(N)c4nnnn4C)c(=O)oc3c2C)OC1(C)C,True,1.1303399999999992,42.0,584.5860000000002,4.790974567031517,0.5514018691588785,-7.9,0.4875,0.4875,0.4875,-7.9,1
705,CO[C@@H]1[C@@H](OC(=O)c2ccc(C)[nH]2)[C@@H](O)[C@H](Oc2ccc3c(O)c(C(N)C4CCCc5oc(=O)[nH]c54)c(=O)oc3c2C)OC1(C)C,True,2.9599400000000013,46.0,639.6580000000002,5.180865652213209,0.5363636363636364,-9.7,0.7124999999999999,0.7124999999999999,0.7124999999999999,-9.7,1
735,CO[C@@H]1[C@@H](OC(=O)c2ccc(C)[nH]2)[C@@H](O)[C@H](Oc2ccc3c(O)c(Nc4nnc(F)o4)c(=O)oc3c2C)OC1(C)C,True,2.824440000000001,41.0,574.5180000000001,4.765567329957145,0.6363636363636364,-7.5,0.4375,0.4375,0.4375,-8.6,1
738,CO[C@@H]1[C@@H](OC(=O)c2ccc(C)[nH]2)[C@@H](O)[C@H](Oc2ccc3c(O)c(-c4noc(N)c4F)c(=O)oc3c2C)OC1(C)C,True,2.9350400000000008,41.0,573.5300000000002,4.679148665656844,0.5673076923076923,-8.7,0.5874999999999999,0.5874999999999999,0.5874999999999999,-8.7,1
776,CO[C@@H]1[C@@H](OC(=O)c2ccc(C)[nH]2)[C@@H](O)[C@H](Oc2ccc3c(O)c(NCC(O)(CO)Cn4nnnc4O)c(=O)oc3c2C)OC1(C)C,True,0.0863399999999992,47.0,660.6370000000002,5.148389188767254,0.5925925925925926,-8.6,0.575,0.575,0.575,-8.6,1
777,CO[C@@H]1[C@@H](OC(=O)c2ccc(C)[nH]2)[C@@H](O)[C@H](Oc2ccc3c(O)c(COCCNS(=O)(=O)c4noc(N)n4)c(=O)oc3c2C)OC1(C)C,True,1.01904,48.0,693.688,4.922509691051393,0.5304347826086957,-9.1,0.6375,0.6375,0.6375,-9.1,1
784,CO[C@@H]1[C@@H](OC(=O)c2ccc(C)[nH]2)[C@@H](O)[C@H](Oc2ccc3c(O)c(COC(=O)C4(N)COC4)c(=O)oc3c2C)OC1(C)C,True,1.32964,43.0,602.5930000000003,4.691550634231104,0.5882352941176471,-8.0,0.5,0.5,0.5,-8.0,1
811,CO[C@@H]1[C@@H](OC(=O)c2ccc(C)[nH]2)[C@@H](O)[C@H](Oc2ccc3c(O)c(-c4nc(N)nc(O)c4F)c(=O)oc3c2C)OC1(C)C,True,2.44264,43.0,600.5560000000002,4.69628672890566,0.5619047619047619,-9.0,0.625,0.625,0.625,-9.0,1
821,CO[C@@H]1[C@@H](OC(=O)c2ccc(C)[nH]2)[C@@H](O)[C@H](Oc2ccc3c(O)c(COC(=O)NCCc4nc(Cl)no4)c(=O)oc3c2C)OC1(C)C,True,3.064040000000001,47.0,677.0630000000001,4.729332172428848,0.5350877192982456,-9.7,0.7124999999999999,0.7124999999999999,0.7124999999999999,-9.7,1
831,CO[C@@H]1[C@@H](OC(=O)c2ccc(C)[nH]2)[C@@H](O)[C@H](Oc2ccc3c(O)c(C(N)C(O)CNC(C)=O)c(=O)oc3c2C)OC1(C)C,True,1.05554,43.0,603.6250000000001,4.867816590181425,0.6019417475728155,-8.3,0.5375000000000001,0.5375000000000001,0.5375000000000001,-8.3,1
842,CO[C@@H]1[C@@H](OC(=O)c2ccc(C)[nH]2)[C@@H](O)[C@H](Oc2ccc3c(O)c(C(N)C(O)COCCNC(=O)CO)c(=O)oc3c2C)OC1(C)C,True,0.0445400000000018,47.0,663.6770000000002,4.972116018796941,0.5636363636363636,-8.1,0.5125,0.5125,0.5125,-8.1,1
849,CO[C@@H]1[C@@H](OC(=O)c2ccc(C)[nH]2)[C@@H](O)[C@H](Oc2ccc3c(O)c(CNC(=O)C(C)NC(=O)CN)c(=O)oc3c2C)OC1(C)C,True,0.6383400000000015,45.0,630.6510000000002,4.625458889695582,0.5700934579439252,-8.1,0.5125,0.5125,0.5125,-8.1,1
857,CO[C@@H]1[C@@H](OC(=O)c2ccc(C)[nH]2)[C@@H](O)[C@H](Oc2ccc3c(O)c(C(O)C(O)C(CO)C(O)C(O)C(C)N)c(=O)oc3c2C)OC1(C)C,True,-0.3694599999999988,48.0,680.704,5.494952699287735,0.5660377358490566,-7.6,0.4499999999999999,0.4499999999999999,0.4499999999999999,-7.6,1
865,CO[C@@H]1[C@@H](OC(=O)c2ccc(C)[nH]2)[C@@H](O)[C@H](Oc2ccc3c(O)c(-c4nnc(N)s4)c(=O)oc3c2C)OC1(C)C,True,2.659440000000001,40.0,572.5960000000002,4.55540967495184,0.5784313725490197,-8.5,0.5625,0.5625,0.5625,-8.5,1
868,CO[C@@H]1[C@@H](OC(=O)c2ccc(C)[nH]2)[C@@H](O)[C@H](Oc2ccc3c(O)c(C(O)C(CO)C(O)C(CO)C(O)CN)c(=O)oc3c2C)OC1(C)C,True,-0.5103599999999988,48.0,680.704,5.481596442243967,0.5660377358490566,-7.2,0.4,0.4,0.4,-7.2,1
868,CO[C@@H]1[C@@H](OC(=O)c2ccc(C)[nH]2)[C@@H](O)[C@H](Oc2ccc3c(O)c(C(O)C(N)C(O)CNC(=O)C(C)O)c(=O)oc3c2C)OC1(C)C,True,-0.2226599999999983,47.0,663.6770000000001,5.2279892505008805,0.5794392523364486,-8.2,0.5249999999999999,0.5249999999999999,0.5249999999999999,-8.2,1
898,CO[C@@H]1[C@@H](OC(=O)c2ccc(C)[nH]2)[C@@H](O)[C@H](Oc2ccc3c(O)c(S(=O)(=O)NC(NS(=O)(=O)Cl)C(O)CO)c(=O)oc3c2C)OC1(C)C,True,-0.4104599999999987,48.0,740.162,5.216523695434548,0.5849056603773585,-7.6,0.4499999999999999,0.4499999999999999,0.4499999999999999,-7.6,1
905,CO[C@@H]1[C@@H](OC(=O)c2ccc(C)[nH]2)[C@@H](O)[C@H](Oc2ccc3c(O)c(C(O)COS(=O)(=O)C4(O)COCC4N)c(=O)oc3c2C)OC1(C)C,True,-0.0153599999999987,48.0,698.6999999999999,5.449731651974659,0.5350877192982456,-8.5,0.5625,0.5625,0.5625,-8.5,1
944,CO[C@@H]1[C@@H](OC(=O)c2ccc(C)[nH]2)[C@@H](O)[C@H](Oc2ccc3c(O)c(COC(=O)C(N)C(O)CO)c(=O)oc3c2C)OC1(C)C,True,0.2824400000000004,44.0,620.6080000000002,4.864180951124239,0.5825242718446602,-6.7,0.3375,0.3375,0.3375,-6.7,1
961,CO[C@@H]1[C@@H](OC(=O)c2ccc(C)[nH]2)[C@@H](O)[C@H](Oc2ccc3c(O)c(C(N)COC4(O)CC4O)c(=O)oc3c2C)OC1(C)C,True,1.0283399999999996,43.0,604.6090000000002,5.1478224159701576,0.5865384615384616,-8.5,0.5625,0.5625,0.5625,-8.5,1
968,CO[C@@H]1[C@@H](OC(=O)c2ccc(C)[nH]2)[C@@H](O)[C@H](Oc2ccc3c(O)c(CS(=O)(=O)CC(N)(CO)CO)c(=O)oc3c2C)OC1(C)C,True,0.1556400000000004,45.0,654.6910000000003,4.84017131987082,0.5922330097087378,-7.8,0.475,0.475,0.475,-7.8,1
983,CO[C@@H]1[C@@H](OC(=O)c2ccc(C)[nH]2)[C@@H](O)[C@H](Oc2ccc3c(O)c(C(N)C(O)c4nnnn4C)c(=O)oc3c2C)OC1(C)C,True,0.8156399999999995,44.0,614.6120000000001,5.00114445791157,0.5363636363636364,-8.4,0.55,0.55,0.55,-8.4,1
3,CO[C@@H]1[C@@H](OC(=O)c2ccc(C)[nH]2)[C@@H](O)[C@H](Oc2ccc3c(O)c(NC(=O)c4ccccc4O)c(=O)oc3c2C)OC1(C)C,True,3.516640000000001,44.0,608.6000000000001,4.349277377995991,0.7391304347826086,-8.8,0.6000000000000001,0.6000000000000001,0.6000000000000001,-8.8,1
15,CO[C@@H]1[C@@H](OC(=O)c2ccc(C)[nH]2)[C@@H](O)[C@H](Oc2ccc3c(O)c(-c4cc(N)cc5c4O5)c(=O)oc3c2C)OC1(C)C,True,3.913640000000002,42.0,578.5740000000003,4.627839584901684,0.5825242718446602,-8.9,0.6125,0.6125,0.6125,-8.9,1
20,CO[C@@H]1[C@@H](OC(=O)c2ccc(C)[nH]2)[C@@H](O)[C@H](Oc2ccc3c(O)c(NC(=O)c4cccc(N)c4O)c(=O)oc3c2C)OC1(C)C,True,3.098840000000001,45.0,623.6150000000001,4.480047204075308,0.7157894736842105,-9.0,0.625,0.625,0.625,-9.0,1
26,CO[C@@H]1[C@@H](OC(=O)c2ccc(C)[nH]2)[C@@H](O)[C@H](Oc2ccc3c(O)c(NS(=O)(=O)c4ccccc4)c(=O)oc3c2C)OC1(C)C,True,3.3595400000000017,44.0,628.6560000000001,4.357387104632991,0.6494845360824743,-8.4,0.55,0.55,0.55,-8.4,1
27,CO[C@@H]1[C@@H](OC(=O)c2ccc(C)[nH]2)[C@@H](O)[C@H](Oc2ccc3c(O)c(N4C(=O)c5ccc(N)cc5C4=O)c(=O)oc3c2C)OC1(C)C,True,2.9415400000000016,46.0,633.6100000000001,4.5586292909669375,0.5769230769230769,-9.0,0.625,0.625,0.625,-9.0,1
27,CO[C@@H]1[C@@H](OC(=O)c2ccc(C)[nH]2)[C@@H](O)[C@H](Oc2ccc3c(O)c(C(O)CNC(=O)C(C)O)c(=O)oc3c2C)OC1(C)C,True,1.0891399999999996,43.0,604.6090000000002,4.805432505300789,0.5980392156862745,-8.1,0.5125,0.5125,0.5125,-8.1,1
30,CO[C@@H]1[C@@H](OC(=O)c2ccc(C)[nH]2)[C@@H](O)[C@H](Oc2ccc3c(O)c(Nc4cc(=O)n(C)c(=O)[nH]4)c(=O)oc3c2C)OC1(C)C,True,1.6893399999999996,44.0,612.5920000000001,4.697384485434007,0.64,-8.4,0.55,0.55,0.55,-8.4,1
31,CO[C@@H]1[C@@H](OC(=O)c2ccc(C)[nH]2)[C@@H](O)[C@H](Oc2ccc3c(O)c(NC(=O)CN4C(=O)C(O)C4=O)c(=O)oc3c2C)OC1(C)C,True,0.2269399999999999,45.0,629.5750000000002,4.643261275369867,0.6804123711340206,-8.9,0.6125,0.6125,0.6125,-8.9,1
36,CO[C@@H]1[C@@H](OC(=O)c2ccc(C)[nH]2)[C@@H](O)[C@H](Oc2ccc3c(O)c(CCNC(=O)Cc4ccc(N)nc4)c(=O)oc3c2C)OC1(C)C,True,2.437339999999999,47.0,650.6850000000002,4.540726255269084,0.5446428571428571,-9.0,0.625,0.625,0.625,-9.0,1
43,CO[C@@H]1[C@@H](OC(=O)c2ccc(C)[nH]2)[C@@H](O)[C@H](Oc2ccc3c(O)c(NC(=O)CNc4ccccc4)c(=O)oc3c2C)OC1(C)C,True,3.609340000000002,45.0,621.643,4.335403121523712,0.673469387755102,-8.2,0.5249999999999999,0.5249999999999999,0.5249999999999999,-8.2,1
43,CO[C@@H]1[C@@H](OC(=O)c2ccc(C)[nH]2)[C@@H](O)[C@H](Oc2ccc3c(O)c(NCC(=O)NCCNC(C)=O)c(=O)oc3c2C)OC1(C)C,True,1.2229400000000004,45.0,630.6510000000002,4.516827316645664,0.6565656565656566,-8.3,0.5375000000000001,0.5375000000000001,0.5375000000000001,-8.3,1
43,CO[C@@H]1[C@@H](OC(=O)c2ccc(C)[nH]2)[C@@H](O)[C@H](Oc2ccc3c(O)c(CNC(=O)CN4CCNC(=O)C4)c(=O)oc3c2C)OC1(C)C,True,0.6067400000000016,46.0,642.6620000000003,4.5684692321281375,0.5495495495495496,-8.2,0.5249999999999999,0.5249999999999999,0.5249999999999999,-8.2,1
44,CO[C@@H]1[C@@H](OC(=O)c2ccc(C)[nH]2)[C@@H](O)[C@H](Oc2ccc3c(O)c(C4=NCCNC4=O)c(=O)oc3c2C)OC1(C)C,True,1.4776399999999992,41.0,569.5670000000002,4.661803272775389,0.5728155339805825,-8.1,0.5125,0.5125,0.5125,-8.1,1
52,CO[C@@H]1[C@@H](OC(=O)c2ccc(C)[nH]2)[C@@H](O)[C@H](Oc2ccc3c(O)c(NCC(=O)Nc4ccccc4)c(=O)oc3c2C)OC1(C)C,True,3.609340000000002,45.0,621.643,4.346971859985251,0.6565656565656566,-8.3,0.5375000000000001,0.5375000000000001,0.5375000000000001,-8.3,1
52,CO[C@@H]1[C@@H](OC(=O)c2ccc(C)[nH]2)[C@@H](O)[C@H](Oc2ccc3c(O)c(NCC(=O)NC4CC4)c(=O)oc3c2C)OC1(C)C,True,2.2492400000000004,42.0,585.6100000000002,4.458645885213067,0.6464646464646465,-8.0,0.5,0.5,0.5,-8.0,1
52,CO[C@@H]1[C@@H](OC(=O)c2ccc(C)[nH]2)[C@@H](O)[C@H](Oc2ccc3c(O)c(NC(=O)NCCc4ccccc4)c(=O)oc3c2C)OC1(C)C,True,3.9229400000000014,46.0,635.6700000000001,4.337304823247155,0.66,-8.912500000000001,0.6140625000000002,0.6140625000000002,0.6140625000000002,-9.1,1
53,CO[C@@H]1[C@@H](OC(=O)c2ccc(C)[nH]2)[C@@H](O)[C@H](Oc2ccc3c(O)c(CNS(=O)(=O)c4ccccc4)c(=O)oc3c2C)OC1(C)C,True,3.037240000000001,45.0,642.6830000000001,4.374911647578304,0.5922330097087378,-8.4,0.55,0.55,0.55,-8.5,1
55,CO[C@@H]1[C@@H](OC(=O)c2ccc(C)[nH]2)[C@@H](O)[C@H](Oc2ccc3c(O)c(C4Oc5nc(N)[nH]c(=O)c54)c(=O)oc3c2C)OC1(C)C,True,1.7060399999999996,44.0,610.5760000000001,4.986488028912538,0.5619047619047619,-9.1,0.6375,0.6375,0.6375,-9.1,1
63,CO[C@@H]1[C@@H](OC(=O)c2ccc(C)[nH]2)[C@@H](O)[C@H](Oc2ccc3c(O)c(NC(=O)CN4C(=O)CCC4=O)c(=O)oc3c2C)OC1(C)C,True,1.6462399999999993,45.0,627.6030000000002,4.494072344788254,0.673469387755102,-8.4,0.55,0.55,0.55,-8.4,1
68,CO[C@@H]1[C@@H](OC(=O)c2ccc(C)[nH]2)[C@@H](O)[C@H](Oc2ccc3c(O)c(N4CCCC4=O)c(=O)oc3c2C)OC1(C)C,True,2.6855400000000005,40.0,556.5680000000003,4.464456807818973,0.5841584158415841,-8.0,0.5,0.5,0.5,-8.0,1
72,CO[C@@H]1[C@@H](OC(=O)c2ccc(C)[nH]2)[C@@H](O)[C@H](Oc2ccc3c(O)c(NCC(=O)N4CC4)c(=O)oc3c2C)OC1(C)C,True,1.8128399999999991,41.0,571.5830000000003,4.442101275546952,0.6530612244897959,-7.6,0.4499999999999999,0.4499999999999999,0.4499999999999999,-7.6,1
78,CO[C@@H]1[C@@H](OC(=O)c2ccc(C)[nH]2)[C@@H](O)[C@H](Oc2ccc3c(O)c(COCCNC(=O)CCNC(=O)CCl)c(=O)oc3c2C)OC1(C)C,True,1.93664,48.0,694.1340000000001,4.599132767974471,0.5943396226415094,-8.4,0.55,0.55,0.55,-8.6,1
80,CO[C@@H]1[C@@H](OC(=O)c2ccc(C)[nH]2)[C@@H](O)[C@H](Oc2ccc3c(O)c(CNC(=O)CCNC(=O)NN)c(=O)oc3c2C)OC1(C)C,True,0.7379400000000005,45.0,631.6390000000001,4.537404052105326,0.5961538461538461,-8.0,0.5,0.5,0.5,-8.0,1
80,CO[C@@H]1[C@@H](OC(=O)c2ccc(C)[nH]2)[C@@H](O)[C@H](Oc2ccc3c(O)c(CNC(O)CN)c(=O)oc3c2C)OC1(C)C,True,0.9254399999999996,40.0,561.5880000000002,4.739046991446344,0.6039603960396039,-7.3,0.4125,0.4125,0.4125,-7.3,1
86,CO[C@@H]1[C@@H](OC(=O)c2ccc(C)[nH]2)[C@@H](O)[C@H](Oc2ccc3c(O)c(C(N)CCNC(=O)CCO)c(=O)oc3c2C)OC1(C)C,True,1.4472400000000003,44.0,617.6520000000002,4.712960826115335,0.5904761904761905,-8.4,0.55,0.55,0.55,-8.4,1
93,CO[C@@H]1[C@@H](OC(=O)c2ccc(C)[nH]2)[C@@H](O)[C@H](Oc2ccc3c(O)c(CNC(=O)CNC(=O)CO)c(=O)oc3c2C)OC1(C)C,True,0.283440000000001,44.0,617.6080000000002,4.491514100818623,0.6039603960396039,-7.9,0.4875,0.4875,0.4875,-7.9,1
97,CO[C@@H]1[C@@H](OC(=O)c2ccc(C)[nH]2)[C@@H](O)[C@H](Oc2ccc3c(O)c(OCCN4CCOCC4)c(=O)oc3c2C)OC1(C)C,True,2.26974,43.0,602.6370000000003,4.41103501292933,0.5714285714285714,-8.0,0.5,0.5,0.5,-8.0,1
101,CO[C@@H]1[C@@H](OC(=O)c2ccc(C)[nH]2)[C@@H](O)[C@H](Oc2ccc3c(O)c(CNC(=O)Cc4ccc(C)cc4)c(=O)oc3c2C)OC1(C)C,True,3.726060000000003,46.0,634.6820000000001,4.354925561625411,0.5922330097087378,-8.9,0.6125,0.6125,0.6125,-8.9,1
103,CO[C@@H]1[C@@H](OC(=O)c2ccc(C)[nH]2)[C@@H](O)[C@H](Oc2ccc3c(O)c(C4(N)CC(=O)C4O)c(=O)oc3c2C)OC1(C)C,True,1.0464399999999994,41.0,572.5670000000002,4.996411311137077,0.59,-8.7,0.5874999999999999,0.5874999999999999,0.5874999999999999,-8.7,1
105,CO[C@@H]1[C@@H](OC(=O)c2ccc(C)[nH]2)[C@@H](O)[C@H](Oc2ccc3c(O)c(C4(N)CNC4=O)c(=O)oc3c2C)OC1(C)C,True,0.8425400000000003,40.0,557.5560000000003,4.8805178453630695,0.59,-7.7,0.4625,0.4625,0.4625,-7.8,1
109,CO[C@@H]1[C@@H](OC(=O)c2ccc(C)[nH]2)[C@@H](O)[C@H](Oc2ccc3c(O)c(CNC(=O)C4(N)CC4)c(=O)oc3c2C)OC1(C)C,True,1.6662399999999995,42.0,585.6100000000002,4.557457964072423,0.6039603960396039,-7.8,0.475,0.475,0.475,-7.8,1
110,CO[C@@H]1[C@@H](OC(=O)c2ccc(C)[nH]2)[C@@H](O)[C@H](Oc2ccc3c(O)c(C4CC(c5ccc(N)cc5)CCO4)c(=O)oc3c2C)OC1(C)C,True,4.776240000000004,47.0,648.7090000000002,4.87186625642906,0.5363636363636364,-10.2,0.7749999999999999,0.7749999999999999,0.7749999999999999,-10.2,1
111,CO[C@@H]1[C@@H](OC(=O)c2ccc(C)[nH]2)[C@@H](O)[C@H](Oc2ccc3c(O)c(CCNC(=O)Cc4ccc(F)c(N)c4)c(=O)oc3c2C)OC1(C)C,True,3.181440000000001,48.0,667.6870000000001,4.531515285456988,0.5535714285714286,-8.8,0.6000000000000001,0.6000000000000001,0.6000000000000001,-9.5,1
120,CO[C@@H]1[C@@H](OC(=O)c2ccc(C)[nH]2)[C@@H](O)[C@H](Oc2ccc3c(O)c(CNC(=O)Cc4ccc(N)cc4)c(=O)oc3c2C)OC1(C)C,True,2.9998400000000016,46.0,635.6700000000002,4.413716112806513,0.580952380952381,-8.8,0.6000000000000001,0.6000000000000001,0.6000000000000001,-8.8,1
121,CNc1c(O)c2ccc(O[C@@H]3OC(C)(C)[C@H](OC)[C@@H](OC(=O)c4ccc(C)[nH]4)[C@H]3O)c(C)c2oc1=O,True,2.60044,36.0,502.52000000000027,4.399900820333582,0.7078651685393258,-6.6,0.3249999999999999,0.3249999999999999,0.3249999999999999,-6.9,1
121,CO[C@@H]1[C@@H](OC(=O)c2ccc(C)[nH]2)[C@@H](O)[C@H](Oc2ccc3c(O)c(CNC(=O)C(N)CO)c(=O)oc3c2C)OC1(C)C,True,0.4945400000000011,42.0,589.5980000000002,4.593167219733507,0.5980392156862745,-7.8,0.475,0.475,0.475,-7.8,1
122,CO[C@@H]1[C@@H](OC(=O)c2ccc(C)[nH]2)[C@@H](O)[C@H](Oc2ccc3c(O)c(-c4ccc(C(C)O)c(N)c4)c(=O)oc3c2C)OC1(C)C,True,3.861240000000002,44.0,608.6440000000001,4.660213903038412,0.5714285714285714,-9.2,0.6499999999999999,0.6499999999999999,0.6499999999999999,-9.3,1
132,CO[C@@H]1[C@@H](OC(=O)c2ccc(C)[nH]2)[C@@H](O)[C@H](Oc2ccc3c(O)c(-c4ccc(N)nc4)c(=O)oc3c2C)OC1(C)C,True,3.202940000000001,41.0,565.5790000000002,4.436612122332911,0.5841584158415841,-8.6,0.575,0.575,0.575,-8.6,1
142,CO[C@@H]1[C@@H](OC(=O)c2ccc(C)[nH]2)[C@@H](O)[C@H](Oc2ccc3c(O)c(CNS(=O)(=O)c4ccc(N)cc4N)c(=O)oc3c2C)OC1(C)C,True,2.20164,47.0,672.713,4.589930926127071,0.5740740740740741,-8.7,0.5874999999999999,0.5874999999999999,0.5874999999999999,-8.7,1
142,CO[C@@H]1[C@@H](OC(=O)c2ccc(C)[nH]2)[C@@H](O)[C@H](Oc2ccc3c(O)c(-c4ccc(N)cc4N)c(=O)oc3c2C)OC1(C)C,True,3.390140000000001,42.0,579.6060000000002,4.470165885213066,0.6,-8.9,0.6125,0.6125,0.6125,-8.9,1
148,CO[C@@H]1[C@@H](OC(=O)c2ccc(C)[nH]2)[C@@H](O)[C@H](Oc2ccc3c(O)c(Cc4ccc(N)c(=O)[nH]c4=O)c(=O)oc3c2C)OC1(C)C,True,1.7802399999999992,45.0,623.6150000000001,4.614449455482438,0.6,-8.7,0.5874999999999999,0.5874999999999999,0.5874999999999999,-8.7,1
149,CO[C@@H]1[C@@H](OC(=O)c2ccc(C)[nH]2)[C@@H](O)[C@H](Oc2ccc3c(O)c(CNS(=O)(=O)c4cc(O)c(N)cc4F)c(=O)oc3c2C)OC1(C)C,True,2.4641400000000004,48.0,691.6870000000001,4.671343510309059,0.5727272727272728,-9.3,0.6625000000000001,0.6625000000000001,0.6625000000000001,-9.4,1
149,CO[C@@H]1[C@@H](OC(=O)c2ccc(C)[nH]2)[C@@H](O)[C@H](Oc2ccc3c(O)c(C4=Nc5nc(N)ccc54)c(=O)oc3c2C)OC1(C)C,True,3.018440000000001,43.0,590.5890000000002,4.763568833226678,0.5566037735849056,-9.1,0.6375,0.6375,0.6375,-9.1,1
152,CO[C@@H]1[C@@H](OC(=O)c2ccc(C)[nH]2)[C@@H](O)[C@H](Oc2ccc3c(O)c(C4(O)CCCO4)c(=O)oc3c2C)OC1(C)C,True,2.514240000000001,40.0,559.5680000000003,4.799801050598202,0.6,-8.5,0.5625,0.5625,0.5625,-8.5,1
152,CO[C@@H]1[C@@H](OC(=O)c2ccc(C)[nH]2)[C@@H](O)[C@H](Oc2ccc3c(O)c(CN4CCC(O)CC4)c(=O)oc3c2C)OC1(C)C,True,2.515440000000001,42.0,586.6380000000003,4.440702847501155,0.594059405940594,-7.3,0.4125,0.4125,0.4125,-8.8,1
153,CO[C@@H]1[C@@H](OC(=O)c2ccc(C)[nH]2)[C@@H](O)[C@H](Oc2ccc3c(O)c(CCNS(=O)(=O)c4cccc(N)c4)c(=O)oc3c2C)OC1(C)C,True,2.6619400000000004,47.0,671.725,4.515587964364997,0.5636363636363636,-8.76,0.595,0.595,0.595,-9.1,1
153,CO[C@@H]1[C@@H](OC(=O)c2ccc(C)[nH]2)[C@@H](O)[C@H](Oc2ccc3c(O)c(C4(O)CC(N)C4)c(=O)oc3c2C)OC1(C)C,True,1.8674399999999995,40.0,558.5840000000003,4.669174593366758,0.5959595959595959,-8.1,0.5125,0.5125,0.5125,-8.1,1
154,CO[C@@H]1[C@@H](OC(=O)c2ccc(C)[nH]2)[C@@H](O)[C@H](Oc2ccc3c(O)c(-c4cc(O)nc(N)n4)c(=O)oc3c2C)OC1(C)C,True,2.30354,42.0,582.5660000000003,4.614173109293335,0.5882352941176471,-8.6,0.575,0.575,0.575,-8.6,1
163,CO[C@@H]1[C@@H](OC(=O)c2ccc(C)[nH]2)[C@@H](O)[C@H](Oc2ccc3c(O)c(-c4nc(C)cc(N)n4)c(=O)oc3c2C)OC1(C)C,True,2.906360000000001,42.0,580.5940000000003,4.5384852163167455,0.6039603960396039,-8.0,0.5,0.5,0.5,-8.6,1
169,CO[C@@H]1[C@@H](OC(=O)c2ccc(C)[nH]2)[C@@H](O)[C@H](Oc2ccc3c(O)c(C#Cc4cc(O)ccc4N)c(=O)oc3c2C)OC1(C)C,True,3.246340000000002,44.0,604.6120000000002,4.672431732732165,0.5980392156862745,-8.7,0.5874999999999999,0.5874999999999999,0.5874999999999999,-9.4,1
177,CO[C@@H]1[C@@H](OC(=O)c2ccc(C)[nH]2)[C@@H](O)[C@H](Oc2ccc3c(O)c(COC(=O)c4ccnc(N)n4)c(=O)oc3c2C)OC1(C)C,True,2.28794,45.0,624.6030000000002,4.582953458992697,0.5555555555555556,-8.7,0.5874999999999999,0.5874999999999999,0.5874999999999999,-8.7,1
180,CO[C@@H]1[C@@H](OC(=O)c2ccc(C)[nH]2)[C@@H](O)[C@H](Oc2ccc3c(O)c(-c4cc(N)c(C)cc4F)c(=O)oc3c2C)OC1(C)C,True,4.255460000000003,43.0,596.6080000000002,4.507438208195601,0.5825242718446602,-9.16,0.645,0.645,0.645,-9.2,1
180,CO[C@@H]1[C@@H](OC(=O)c2ccc(C)[nH]2)[C@@H](O)[C@H](Oc2ccc3c(O)c(Cc4cc(S(=O)(=O)N(C)C)ccc4N)c(=O)oc3c2C)OC1(C)C,True,2.9820400000000014,48.0,685.7520000000001,4.587134397883023,0.5648148148148148,-8.0,0.5,0.5,0.5,-9.4,1
185,CO[C@@H]1[C@@H](OC(=O)c2ccc(C)[nH]2)[C@@H](O)[C@H](Oc2ccc3c(O)c(Cc4nccc(CN)n4)c(=O)oc3c2C)OC1(C)C,True,2.3982400000000004,43.0,594.6210000000002,4.589629725275805,0.5607476635514018,-7.2,0.4,0.4,0.2666666666666667,-8.5,1
190,CO[C@@H]1[C@@H](OC(=O)c2ccc(C)[nH]2)[C@@H](O)[C@H](Oc2ccc3c(O)c(CCNS(=O)(=O)c4ccc(N)nc4)c(=O)oc3c2C)OC1(C)C,True,2.056939999999999,47.0,672.7130000000001,4.588450933953547,0.5495495495495496,-8.8,0.6000000000000001,0.6000000000000001,0.6000000000000001,-8.9,1
209,CO[C@@H]1[C@@H](OC(=O)c2ccc(C)[nH]2)[C@@H](O)[C@H](Oc2ccc3c(O)c(-c4ncc(CO)nc4N)c(=O)oc3c2C)OC1(C)C,True,2.09024,43.0,596.5930000000002,4.665324869513421,0.5660377358490566,-8.5,0.5625,0.5625,0.5625,-8.5,1
215,CO[C@@H]1[C@@H](OC(=O)c2ccc(C)[nH]2)[C@@H](O)[C@H](Oc2ccc3c(O)c(C=CC(=O)N4CC4)c(=O)oc3c2C)OC1(C)C,True,2.4141400000000006,41.0,568.5790000000003,4.468946742579921,0.594059405940594,-8.0,0.5,0.5,0.5,-8.0,1
243,CO[C@@H]1[C@@H](OC(=O)c2ccc(C)[nH]2)[C@@H](O)[C@H](Oc2ccc3c(O)c(-c4cc(CN)n[nH]4)c(=O)oc3c2C)OC1(C)C,True,2.40754,41.0,568.5830000000002,4.678858548473142,0.5980392156862745,-8.3,0.5375000000000001,0.5375000000000001,0.5375000000000001,-8.3,1
272,CO[C@@H]1[C@@H](OC(=O)c2ccc(C)[nH]2)[C@@H](O)[C@H](Oc2ccc3c(O)c(CCNC(=O)c4cc(N)c(F)cc4O)c(=O)oc3c2C)OC1(C)C,True,2.958140000000001,48.0,669.6590000000002,4.600857123390047,0.5925925925925926,-8.2,0.5249999999999999,0.5249999999999999,0.5249999999999999,-9.3,1
279,CO[C@@H]1[C@@H](OC(=O)c2ccc(C)[nH]2)[C@@H](O)[C@H](Oc2ccc3c(O)c(NCCCN4CC(O)C4)c(=O)oc3c2C)OC1(C)C,True,2.03724,43.0,601.6530000000002,4.539585364950189,0.6274509803921569,-7.6,0.4499999999999999,0.4499999999999999,0.4499999999999999,-8.1,1
286,CO[C@@H]1[C@@H](OC(=O)c2ccc(C)[nH]2)[C@@H](O)[C@H](Oc2ccc3c(O)c(-c4ccc(CCN)c(F)c4)c(=O)oc3c2C)OC1(C)C,True,3.8660400000000017,44.0,610.6350000000001,4.458516665980735,0.5865384615384616,-9.1,0.6375,0.6375,0.6375,-9.1,1
345,CO[C@@H]1[C@@H](OC(=O)c2ccc(C)[nH]2)[C@@H](O)[C@H](Oc2ccc3c(O)c(C(O)(CO)CO)c(=O)oc3c2C)OC1(C)C,True,0.7309399999999996,40.0,563.5560000000003,4.712892542084708,0.631578947368421,-7.0,0.375,0.375,0.375,-7.0,1
395,CO[C@@H]1[C@@H](OC(=O)c2ccc(C)[nH]2)[C@@H](O)[C@H](Oc2ccc3c(O)c(-c4cccc(C(=O)NCCN)c4)c(=O)oc3c2C)OC1(C)C,True,2.9142400000000013,46.0,635.6700000000002,4.416261842667204,0.6190476190476191,-8.3,0.5375000000000001,0.5375000000000001,0.5375000000000001,-8.3,1
418,CO[C@@H]1[C@@H](OC(=O)c2ccc(C)[nH]2)[C@@H](O)[C@H](Oc2ccc3c(O)c(C4CC4C(C)N)c(=O)oc3c2C)OC1(C)C,True,3.009440000000001,40.0,556.6120000000002,4.92238178412488,0.5784313725490197,-8.1,0.5125,0.5125,0.5125,-8.3,1
454,CO[C@@H]1[C@@H](OC(=O)c2ccc(C)[nH]2)[C@@H](O)[C@H](Oc2ccc3c(O)c(-c4cccc(CN)c4)c(=O)oc3c2C)OC1(C)C,True,3.684440000000001,42.0,578.6180000000003,4.363019956254469,0.5980392156862745,-8.3,0.5375000000000001,0.5375000000000001,0.5375000000000001,-8.3,1
463,CO[C@@H]1[C@@H](OC(=O)c2ccc(C)[nH]2)[C@@H](O)[C@H](Oc2ccc3c(O)c(Cn4cc(F)c(N)nc4=O)c(=O)oc3c2C)OC1(C)C,True,1.88504,44.0,614.5830000000001,4.650413716203239,0.5504587155963303,-8.8,0.6000000000000001,0.6000000000000001,0.6000000000000001,-8.8,1
482,CO[C@@H]1[C@@H](OC(=O)c2ccc(C)[nH]2)[C@@H](O)[C@H](Oc2ccc3c(O)c(-c4ccc5cc(C)ccc5c4)c(=O)oc3c2C)OC1(C)C,True,5.687360000000005,45.0,613.6630000000001,4.357697644600637,0.6,-9.0,0.625,0.625,0.625,-9.0,1
500,CO[C@@H]1[C@@H](OC(=O)c2ccc(C)[nH]2)[C@@H](O)[C@H](Oc2ccc3c(O)c(-c4cccc5ccccc45)c(=O)oc3c2C)OC1(C)C,True,5.378940000000005,44.0,599.6360000000001,4.291555067047516,0.59,-5.7,0.2125,0.2125,0.2125,-5.7,1
505,CO[C@@H]1[C@@H](OC(=O)c2ccc(C)[nH]2)[C@@H](O)[C@H](Oc2ccc3c(O)c(Cc4ccccc4F)c(=O)oc3c2C)OC1(C)C,True,4.288640000000004,42.0,581.5930000000002,4.328864120710704,0.6,-8.6,0.575,0.575,0.575,-8.6,1
527,CO[C@@H]1[C@@H](OC(=O)c2ccc(C)[nH]2)[C@@H](O)[C@H](Oc2ccc3c(O)c(-c4nccnc4N)c(=O)oc3c2C)OC1(C)C,True,2.5979400000000004,41.0,566.5670000000002,4.536104702319297,0.5841584158415841,-8.4,0.55,0.55,0.55,-8.4,1
531,CO[C@@H]1[C@@H](OC(=O)c2ccc(C)[nH]2)[C@@H](O)[C@H](Oc2ccc3c(O)c(-c4cccc(C)c4)c(=O)oc3c2C)OC1(C)C,True,4.534160000000004,41.0,563.6030000000002,4.295432816682808,0.6122448979591837,-7.8,0.475,0.475,0.475,-7.8,1
544,CO[C@@H]1[C@@H](OC(=O)c2ccc(C)[nH]2)[C@@H](O)[C@H](Oc2ccc3c(O)c(CCn4c(N)nccc4=O)c(=O)oc3c2C)OC1(C)C,True,1.9403399999999995,44.0,610.6200000000001,4.633173881492496,0.5660377358490566,-8.4,0.55,0.55,0.55,-8.4,1
546,CO[C@@H]1[C@@H](OC(=O)c2ccc(C)[nH]2)[C@@H](O)[C@H](Oc2ccc3c(O)c(-c4cncc(N)c4)c(=O)oc3c2C)OC1(C)C,True,3.2029400000000017,41.0,565.5790000000002,4.490930706403708,0.5882352941176471,-8.7,0.5874999999999999,0.5874999999999999,0.3916666666666666,-8.8,1
547,CO[C@@H]1[C@@H](OC(=O)c2ccc(C)[nH]2)[C@@H](O)[C@H](Oc2ccc3c(O)c(COC(=O)C4(O)CC(N)C4)c(=O)oc3c2C)OC1(C)C,True,1.4541399999999995,44.0,616.6200000000002,4.712562817689988,0.5714285714285714,-8.2,0.5249999999999999,0.5249999999999999,0.5249999999999999,-8.2,1
552,CO[C@@H]1[C@@H](OC(=O)c2ccc(C)[nH]2)[C@@H](O)[C@H](Oc2ccc3c(O)c(C4CCC(CO)CC4N)c(=O)oc3c2C)OC1(C)C,True,2.7620400000000016,43.0,600.6650000000002,4.959055275746268,0.5714285714285714,-9.2,0.6499999999999999,0.6499999999999999,0.6499999999999999,-9.2,1
588,CO[C@@H]1[C@@H](OC(=O)c2ccc(C)[nH]2)[C@@H](O)[C@H](Oc2ccc3c(O)c(CCn4ncc(N)c4N)c(=O)oc3c2C)OC1(C)C,True,2.1623399999999995,43.0,597.6250000000002,4.640779628313943,0.5714285714285714,-8.3,0.5375000000000001,0.5375000000000001,0.5375000000000001,-8.3,1
593,CO[C@@H]1[C@@H](OC(=O)c2ccc(C)[nH]2)[C@@H](O)[C@H](Oc2ccc3c(O)c(OCc4cccc(N)c4)c(=O)oc3c2C)OC1(C)C,True,3.719940000000002,43.0,594.6170000000002,4.371434120880201,0.5865384615384616,-8.5,0.5625,0.5625,0.5625,-8.5,1
634,CO[C@@H]1[C@@H](OC(=O)c2ccc(C)[nH]2)[C@@H](O)[C@H](Oc2ccc3c(O)c(-c4ccc5nc(N)ncc5c4)c(=O)oc3c2C)OC1(C)C,True,3.751140000000001,45.0,616.6270000000001,4.513307367677561,0.5607476635514018,-9.5,0.6875,0.6875,0.6875,-9.5,1
694,CO[C@@H]1[C@@H](OC(=O)c2ccc(C)[nH]2)[C@@H](O)[C@H](Oc2ccc3c(O)c(C(O)C(O)C(O)C(O)CN)c(=O)oc3c2C)OC1(C)C,True,-0.3664599999999995,44.0,622.624,5.108533612447972,0.5882352941176471,-7.6,0.4499999999999999,0.4499999999999999,0.4499999999999999,-7.6,1
736,CO[C@@H]1[C@@H](OC(=O)c2ccc(C)[nH]2)[C@@H](O)[C@H](Oc2ccc3c(O)c(-c4nccc(N)n4)c(=O)oc3c2C)OC1(C)C,True,2.5979400000000004,41.0,566.5670000000002,4.528075158411877,0.5882352941176471,-8.0,0.5,0.5,0.5,-8.1,1
737,CO[C@@H]1[C@@H](OC(=O)c2ccc(C)[nH]2)[C@@H](O)[C@H](Oc2ccc3c(O)c(Cn4cc(N)nn4)c(=O)oc3c2C)OC1(C)C,True,1.780739999999999,41.0,569.5710000000003,4.632329344933319,0.5714285714285714,-7.9,0.4875,0.4875,0.4875,-8.0,1
745,CO[C@@H]1[C@@H](OC(=O)c2ccc(C)[nH]2)[C@@H](O)[C@H](Oc2ccc3c(O)c(C4CC4N)c(=O)oc3c2C)OC1(C)C,True,2.37334,38.0,528.5580000000003,4.717053342679528,0.6082474226804123,-7.38,0.4225,0.4225,0.4225,-7.5,1
751,CCc1c(O)c2ccc(O[C@@H]3OC(C)(C)[C@H](OC)[C@@H](OC(=O)c4ccc(C)[nH]4)[C@H]3O)c(C)c2oc1=O,True,3.1211400000000014,36.0,501.5320000000002,4.334984964760583,0.6521739130434783,-6.6,0.3249999999999999,0.3249999999999999,0.3249999999999999,-6.6,1
762,CO[C@@H]1[C@@H](OC(=O)c2ccc(C)[nH]2)[C@@H](O)[C@H](Oc2ccc3c(O)c(-c4conc4N)c(=O)oc3c2C)OC1(C)C,True,2.7959400000000008,40.0,555.5400000000002,4.645718066560232,0.5784313725490197,-8.0,0.5,0.5,0.5,-8.0,1
784,CO[C@@H]1[C@@H](OC(=O)c2ccc(C)[nH]2)[C@@H](O)[C@H](Oc2ccc3c(O)c(CCc4cc(O)nc(N)n4)c(=O)oc3c2C)OC1(C)C,True,2.42174,44.0,610.6200000000001,4.682476487976919,0.580952380952381,-9.1,0.6375,0.6375,0.6375,-9.1,1
792,CNS(=O)(=O)CC(N)c1c(O)c2ccc(O[C@@H]3OC(C)(C)[C@H](OC)[C@@H](OC(=O)c4ccc(C)[nH]4)[C@H]3O)c(C)c2oc1=O,True,1.1077400000000013,42.0,609.6540000000002,4.798569408834578,0.5980392156862745,-8.2,0.5249999999999999,0.5249999999999999,0.5249999999999999,-8.2,1
830,CO[C@@H]1[C@@H](OC(=O)c2ccc(C)[nH]2)[C@@H](O)[C@H](Oc2ccc3c(O)c(C(O)(CO)C(O)CN)c(=O)oc3c2C)OC1(C)C,True,0.0582399999999994,42.0,592.5980000000002,5.036781914014066,0.5825242718446602,-6.0,0.25,0.25,0.25,-6.0,1
834,CO[C@@H]1[C@@H](OC(=O)c2ccc(C)[nH]2)[C@@H](O)[C@H](Oc2ccc3c(O)c(C(N)CNC(C)=O)c(=O)oc3c2C)OC1(C)C,True,1.694639999999999,41.0,573.5990000000003,4.651453802001966,0.62,-7.6,0.4499999999999999,0.4499999999999999,0.4499999999999999,-7.8,1
849,CO[C@@H]1[C@@H](OC(=O)c2ccc(C)[nH]2)[C@@H](O)[C@H](Oc2ccc3c(O)c(C(O)S(=O)(=O)NCC(O)CN)c(=O)oc3c2C)OC1(C)C,True,-0.2113599999999986,45.0,655.679,5.016335504045775,0.5865384615384616,-7.5,0.4375,0.4375,0.4375,-7.5,1
870,CO[C@@H]1[C@@H](OC(=O)c2ccc(C)[nH]2)[C@@H](O)[C@H](Oc2ccc3c(O)c(C(O)C(O)C(N)CO)c(=O)oc3c2C)OC1(C)C,True,0.2726399999999993,42.0,592.5980000000002,4.9894683811023,0.594059405940594,-7.6,0.4499999999999999,0.4499999999999999,0.4499999999999999,-7.6,1
874,CO[C@@H]1[C@@H](OC(=O)c2ccc(C)[nH]2)[C@@H](O)[C@H](Oc2ccc3c(O)c(CCn4cc(CN)nn4)c(=O)oc3c2C)OC1(C)C,True,1.85164,43.0,597.6250000000002,4.614529531352082,0.5504587155963303,-8.1,0.5125,0.5125,0.5125,-8.1,1
891,CO[C@@H]1[C@@H](OC(=O)c2ccc(C)[nH]2)[C@@H](O)[C@H](Oc2ccc3c(O)c(C(C)S(=O)(=O)c4cnc(O)nc4N)c(=O)oc3c2C)OC1(C)C,True,2.17144,47.0,674.685,5.035768403619422,0.5315315315315315,-9.5,0.6875,0.6875,0.6875,-9.5,1
924,CO[C@@H]1[C@@H](OC(=O)c2ccc(C)[nH]2)[C@@H](O)[C@H](Oc2ccc3c(O)c(-c4nc(N)c5nc(F)ccc5c4N)c(=O)oc3c2C)OC1(C)C,True,3.472440000000001,47.0,649.6320000000002,4.803103885653012,0.5412844036697247,-9.7,0.7124999999999999,0.7124999999999999,0.7124999999999999,-9.7,1
928,CO[C@@H]1[C@@H](OC(=O)c2ccc(C)[nH]2)[C@@H](O)[C@H](Oc2ccc3c(O)c(CNS(=O)(=O)c4cc(Cl)oc4CN)c(=O)oc3c2C)OC1(C)C,True,2.7423400000000004,47.0,696.1309999999999,4.863851118434764,0.5585585585585585,-10.0,0.75,0.75,0.75,-10.0,1
936,CO[C@@H]1[C@@H](OC(=O)c2ccc(C)[nH]2)[C@@H](O)[C@H](Oc2ccc3c(O)c(C(O)C(O)C(O)C(O)C(O)C(C)CN)c(=O)oc3c2C)OC1(C)C,True,-0.3694599999999988,48.0,680.7039999999998,5.412621088710811,0.5769230769230769,-7.2,0.4,0.4,0.4,-7.2,1
945,CO[C@@H]1[C@@H](OC(=O)c2ccc(C)[nH]2)[C@@H](O)[C@H](Oc2ccc3c(O)c(Cn4nnnc4CN)c(=O)oc3c2C)OC1(C)C,True,1.0522399999999994,42.0,584.5860000000002,4.600329903204072,0.5660377358490566,-7.3,0.4125,0.4125,0.4125,-7.3,1
946,CO[C@@H]1[C@@H](OC(=O)c2ccc(C)[nH]2)[C@@H](O)[C@H](Oc2ccc3c(O)c(Cc4c(N)nnnc4O)c(=O)oc3c2C)OC1(C)C,True,1.62234,43.0,597.5810000000001,4.800341297153579,0.5769230769230769,-8.4,0.55,0.55,0.55,-8.4,1
0,CO[C@@H]1[C@@H](OC(=O)c2ccc(C)[nH]2)[C@@H](O)[C@H](Oc2ccc3c(O)c(C4CCN(CC(=O)NN)C4=O)c(=O)oc3c2C)OC1(C)C,True,0.8645400000000006,45.0,628.6350000000002,4.8150812745877785,0.5596330275229358,-8.7,0.5874999999999999,0.5874999999999999,0.5874999999999999,-8.7,1
1,CO[C@@H]1[C@@H](OC(=O)c2ccc(C)[nH]2)[C@@H](O)[C@H](Oc2ccc3c(O)c(-c4cc5ccccc5c(=O)[nH]4)c(=O)oc3c2C)OC1(C)C,True,4.067240000000003,45.0,616.623,4.483134936908328,0.5882352941176471,-9.3,0.6625000000000001,0.6625000000000001,0.6625000000000001,-9.6,1
4,CO[C@@H]1[C@@H](OC(=O)c2ccc(C)[nH]2)[C@@H](O)[C@H](Oc2ccc3c(O)c(-c4ccc(C(=O)O)cc4Cl)c(=O)oc3c2C)OC1(C)C,True,4.577340000000003,44.0,628.0300000000001,4.38835794697247,0.6138613861386139,-9.2,0.6499999999999999,0.6499999999999999,0.6499999999999999,-9.2,1
6,CO[C@@H]1[C@@H](OC(=O)c2ccc(C)[nH]2)[C@@H](O)[C@H](Oc2ccc3c(O)c(NCc4cccc5ccccc45)c(=O)oc3c2C)OC1(C)C,True,5.3240400000000045,46.0,628.6780000000001,4.38018375046093,0.64,-9.3,0.6625000000000001,0.6625000000000001,0.6625000000000001,-9.3,1
9,CO[C@@H]1[C@@H](OC(=O)c2ccc(C)[nH]2)[C@@H](O)[C@H](Oc2ccc3c(O)c(NC(=O)c4cccc5ccccc45)c(=O)oc3c2C)OC1(C)C,True,4.964240000000004,47.0,642.6610000000001,4.3352065335111,0.6979166666666666,-9.0,0.625,0.625,0.625,-9.0,1
12,CO[C@@H]1[C@@H](OC(=O)c2ccc(C)[nH]2)[C@@H](O)[C@H](Oc2ccc3c(O)c(-c4cc5ccccc5cc4N)c(=O)oc3c2C)OC1(C)C,True,4.961140000000003,45.0,614.6510000000001,4.440205213831405,0.5882352941176471,-9.3,0.6625000000000001,0.6625000000000001,0.6625000000000001,-9.4,1
18,CO[C@@H]1[C@@H](OC(=O)c2ccc(C)[nH]2)[C@@H](O)[C@H](Oc2ccc3c(O)c(-c4ccccc4O)c(=O)oc3c2C)OC1(C)C,True,3.9313400000000014,41.0,565.5750000000002,4.340411986185872,0.625,-8.6,0.575,0.575,0.575,-8.7,1
18,CO[C@@H]1[C@@H](OC(=O)c2ccc(C)[nH]2)[C@@H](O)[C@H](Oc2ccc3c(O)c(-c4cc(O)ccc4O)c(=O)oc3c2C)OC1(C)C,True,3.636940000000002,42.0,581.5740000000002,4.4345018049455085,0.6631578947368421,-8.9,0.6125,0.6125,0.6125,-8.9,1
24,CO[C@@H]1[C@@H](OC(=O)c2ccc(C)[nH]2)[C@@H](O)[C@H](Oc2ccc3c(O)c(COC(=O)c4cc(O)nc5c4CCC5)c(=O)oc3c2C)OC1(C)C,True,3.505040000000002,48.0,664.6640000000002,4.755974886382378,0.5495495495495496,-9.2,0.6499999999999999,0.6499999999999999,0.6499999999999999,-9.7,1
26,CO[C@@H]1[C@@H](OC(=O)c2ccc(C)[nH]2)[C@@H](O)[C@H](Oc2ccc3c(O)c(-c4ccc5nc(N)c(=O)[nH]c5c4)c(=O)oc3c2C)OC1(C)C,True,3.0444400000000016,46.0,632.6260000000001,4.56135536174655,0.5555555555555556,-9.2,0.6499999999999999,0.6499999999999999,0.6499999999999999,-9.2,1
29,CO[C@@H]1[C@@H](OC(=O)c2ccc(C)[nH]2)[C@@H](O)[C@H](Oc2ccc3c(O)c(Nc4nc5c(=O)[nH]cc(C)c5c(=O)[nH]4)c(=O)oc3c2C)OC1(C)C,True,2.5355600000000003,48.0,663.6400000000001,4.861689411331113,0.5887850467289719,-9.7,0.7124999999999999,0.7124999999999999,0.7124999999999999,-9.7,1
34,COCc1c(O)c2ccc(O[C@@H]3OC(C)(C)[C@H](OC)[C@@H](OC(=O)c4ccc(C)[nH]4)[C@H]3O)c(C)c2oc1=O,True,2.70514,37.0,517.5310000000003,4.368611162352279,0.6451612903225806,-7.1,0.3874999999999999,0.3874999999999999,0.3874999999999999,-7.2,1
35,CO[C@@H]1[C@@H](OC(=O)c2ccc(C)[nH]2)[C@@H](O)[C@H](Oc2ccc3c(O)c(C(CN)C(=O)N4CC(O)C4)c(=O)oc3c2C)OC1(C)C,True,0.8041400000000005,44.0,615.6360000000002,4.7831941228186325,0.5714285714285714,-7.9,0.4875,0.4875,0.4875,-7.9,1
42,CO[C@@H]1[C@@H](OC(=O)c2ccc(C)[nH]2)[C@@H](O)[C@H](Oc2ccc3c(O)c(-c4cc(N)c(=O)[nH]c4O)c(=O)oc3c2C)OC1(C)C,True,2.20184,43.0,597.5770000000001,4.701274894586133,0.594059405940594,-8.9,0.6125,0.6125,0.6125,-9.0,1
58,CO[C@@H]1[C@@H](OC(=O)c2ccc(C)[nH]2)[C@@H](O)[C@H](Oc2ccc3c(O)c(C#CCNC(=O)CN)c(=O)oc3c2C)OC1(C)C,True,0.98514,42.0,583.5940000000003,4.66795518287193,0.5922330097087378,-7.7,0.4625,0.4625,0.4625,-7.8,1
58,CO[C@@H]1[C@@H](OC(=O)c2ccc(C)[nH]2)[C@@H](O)[C@H](Oc2ccc3c(O)c(-c4cc(O)c(Cl)c(O)c4N)c(=O)oc3c2C)OC1(C)C,True,3.8725400000000025,44.0,631.0340000000001,4.699560232040343,0.5980392156862745,-9.5,0.6875,0.6875,0.6875,-9.6,1
61,CO[C@@H]1[C@@H](OC(=O)c2ccc(C)[nH]2)[C@@H](O)[C@H](Oc2ccc3c(O)c(C(N)CCc4ccc5ccccc5c4)c(=O)oc3c2C)OC1(C)C,True,5.344540000000005,48.0,656.7320000000002,4.5926013161497945,0.5596330275229358,-9.5,0.6875,0.6875,0.6875,-10.0,1
81,CO[C@@H]1[C@@H](OC(=O)c2ccc(C)[nH]2)[C@@H](O)[C@H](Oc2ccc3c(O)c(NCC(O)CNC4(O)CN(CCN)C4)c(=O)oc3c2C)OC1(C)C,True,-0.1159599999999967,48.0,675.736,5.098373141111891,0.5714285714285714,-8.1,0.5125,0.5125,0.5125,-8.1,1
97,CO[C@@H]1[C@@H](OC(=O)c2ccc(C)[nH]2)[C@@H](O)[C@H](Oc2ccc3c(O)c(NCCc4ccc5[nH]c(C)c(C)c5c4)c(=O)oc3c2C)OC1(C)C,True,5.311480000000004,48.0,659.7360000000002,4.5852528505235,0.625,-9.9,0.7375,0.7375,0.7375,-9.9,1
98,CO[C@@H]1[C@@H](OC(=O)c2ccc(C)[nH]2)[C@@H](O)[C@H](Oc2ccc3c(O)c(C4(N)CCN(C(C)=O)C4)c(=O)oc3c2C)OC1(C)C,True,1.9649399999999992,43.0,599.6370000000003,4.838927034084028,0.5865384615384616,-9.0,0.625,0.625,0.625,-9.0,1
99,CO[C@@H]1[C@@H](OC(=O)c2ccc(C)[nH]2)[C@@H](O)[C@H](Oc2ccc3c(O)c(CC(=O)NNC(=O)C(C)N)c(=O)oc3c2C)OC1(C)C,True,0.595840000000001,44.0,616.6240000000001,4.649713709114689,0.5922330097087378,-7.8,0.475,0.475,0.475,-8.1,1
103,CO[C@@H]1[C@@H](OC(=O)c2ccc(C)[nH]2)[C@@H](O)[C@H](Oc2ccc3c(O)c(NCCN)c(=O)oc3c2C)OC1(C)C,True,1.92934,38.0,531.5620000000004,4.457813813127228,0.6808510638297872,-6.9,0.3625,0.3625,0.3625,-6.9,1
107,CO[C@@H]1[C@@H](OC(=O)c2ccc(C)[nH]2)[C@@H](O)[C@H](Oc2ccc3c(O)c(-c4nc(N)c5cccc(C)c5c4O)c(=O)oc3c2C)OC1(C)C,True,4.370160000000002,47.0,645.6650000000002,4.689596551127072,0.5462962962962963,-7.2,0.4,0.4,0.4,-9.8,1
113,CO[C@@H]1[C@@H](OC(=O)c2ccc(C)[nH]2)[C@@H](O)[C@H](Oc2ccc3c(O)c(-c4ccccc4N)c(=O)oc3c2C)OC1(C)C,True,3.807940000000002,41.0,564.5910000000002,4.357556710488119,0.5959595959595959,-8.5,0.5625,0.5625,0.5625,-8.5,1
113,CO[C@@H]1[C@@H](OC(=O)c2ccc(C)[nH]2)[C@@H](O)[C@H](Oc2ccc3c(O)c(Cc4ccc(F)cc4)c(=O)oc3c2C)OC1(C)C,True,4.288640000000004,42.0,581.5930000000002,4.292336534503805,0.6060606060606061,-7.0,0.375,0.375,0.375,-7.0,1
129,CO[C@@H]1[C@@H](OC(=O)c2ccc(C)[nH]2)[C@@H](O)[C@H](Oc2ccc3c(O)c(NC(N)=O)c(=O)oc3c2C)OC1(C)C,True,2.04934,38.0,531.5180000000003,4.404879199178817,0.7222222222222222,-6.76,0.345,0.345,0.345,-7.3,1
138,CO[C@@H]1[C@@H](OC(=O)c2ccc(C)[nH]2)[C@@H](O)[C@H](Oc2ccc3c(O)c(NCO)c(=O)oc3c2C)OC1(C)C,True,1.92044,37.0,518.5190000000003,4.525678641407879,0.7111111111111111,-6.6,0.3249999999999999,0.3249999999999999,0.3249999999999999,-6.6,1
138,CO[C@@H]1[C@@H](OC(=O)c2ccc(C)[nH]2)[C@@H](O)[C@H](Oc2ccc3c(O)c(C4(N)CC4O)c(=O)oc3c2C)OC1(C)C,True,1.4773399999999997,39.0,544.5570000000002,4.851397216025104,0.6082474226804123,-6.1,0.2624999999999999,0.2624999999999999,0.2624999999999999,-6.5,1
142,CO[C@@H]1[C@@H](OC(=O)c2ccc(C)[nH]2)[C@@H](O)[C@H](Oc2ccc3c(O)c(C(O)(O)CC(O)(CN)CO)c(=O)oc3c2C)OC1(C)C,True,-0.2316599999999995,44.0,622.6240000000001,5.096288348931502,0.6039603960396039,-7.3,0.4125,0.4125,0.4125,-7.3,1
144,CO[C@@H]1[C@@H](OC(=O)c2ccc(C)[nH]2)[C@@H](O)[C@H](Oc2ccc3c(O)c(NC(=O)c4cc(F)ccc4F)c(=O)oc3c2C)OC1(C)C,True,4.089240000000002,45.0,628.581,4.396413057733844,0.7157894736842105,-9.2,0.6499999999999999,0.6499999999999999,0.6499999999999999,-9.2,1
145,CO[C@@H]1[C@@H](OC(=O)c2ccc(C)[nH]2)[C@@H](O)[C@H](Oc2ccc3c(O)c(CN4CC(NC(=O)CN)C4)c(=O)oc3c2C)OC1(C)C,True,0.8178400000000008,44.0,614.6520000000002,4.565445639280162,0.5700934579439252,-7.7,0.4625,0.4625,0.4625,-7.7,1
145,CO[C@@H]1[C@@H](OC(=O)c2ccc(C)[nH]2)[C@@H](O)[C@H](Oc2ccc3c(O)c(CNC(=O)CCNC(C)=O)c(=O)oc3c2C)OC1(C)C,True,1.7011399999999994,44.0,615.6360000000002,4.431301793126316,0.6237623762376238,-7.8,0.475,0.475,0.475,-7.8,1
151,CO[C@@H]1[C@@H](OC(=O)c2ccc(C)[nH]2)[C@@H](O)[C@H](Oc2ccc3c(O)c(CCn4cc(N)c(=O)[nH]c4=O)c(=O)oc3c2C)OC1(C)C,True,1.2336399999999996,45.0,626.6190000000001,4.659618311017147,0.5660377358490566,-9.22,0.6524999999999999,0.6524999999999999,0.6524999999999999,-9.3,1
159,CO[C@@H]1[C@@H](OC(=O)c2ccc(C)[nH]2)[C@@H](O)[C@H](Oc2ccc3c(O)c(NC(=O)NCCc4ccc(Cl)c(C)c4)c(=O)oc3c2C)OC1(C)C,True,4.884760000000004,48.0,684.142,4.470008991750694,0.638095238095238,-9.5,0.6875,0.6875,0.6875,-9.5,1
176,CO[C@@H]1[C@@H](OC(=O)c2ccc(C)[nH]2)[C@@H](O)[C@H](Oc2ccc3c(O)c(N(CO)CO)c(=O)oc3c2C)OC1(C)C,True,1.2647399999999998,39.0,548.5450000000003,4.686422403199212,0.6451612903225806,-6.6,0.3249999999999999,0.3249999999999999,0.3249999999999999,-6.6,1
177,CO[C@@H]1[C@@H](OC(=O)c2ccc(C)[nH]2)[C@@H](O)[C@H](Oc2ccc3c(O)c(NC(=O)CN)c(=O)oc3c2C)OC1(C)C,True,1.4559399999999998,39.0,545.5450000000003,4.411281038903131,0.717391304347826,-6.6,0.3249999999999999,0.3249999999999999,0.3249999999999999,-7.0,1
184,CO[C@@H]1[C@@H](OC(=O)c2ccc(C)[nH]2)[C@@H](O)[C@H](Oc2ccc3c(O)c(NC(=O)NCc4nnnn4C)c(=O)oc3c2C)OC1(C)C,True,1.4039399999999989,45.0,627.6110000000001,4.62136425303736,0.6346153846153846,-8.2,0.5249999999999999,0.5249999999999999,0.5249999999999999,-8.2,1
192,CO[C@@H]1[C@@H](OC(=O)c2ccc(C)[nH]2)[C@@H](O)[C@H](Oc2ccc3c(O)c(CC(=O)N4CCCC(N)C4)c(=O)oc3c2C)OC1(C)C,True,2.05094,44.0,613.6640000000002,4.63130099776187,0.5555555555555556,-8.5,0.5625,0.5625,0.5625,-8.5,1
210,CO[C@@H]1[C@@H](OC(=O)c2ccc(C)[nH]2)[C@@H](O)[C@H](Oc2ccc3c(O)c(CNC(=O)c4cc(F)c(N)nc4F)c(=O)oc3c2C)OC1(C)C,True,2.7441400000000007,47.0,658.6110000000001,4.6875949886270725,0.5779816513761468,-9.4,0.675,0.675,0.675,-9.4,1
218,CO[C@@H]1[C@@H](OC(=O)c2ccc(C)[nH]2)[C@@H](O)[C@H](Oc2ccc3c(O)c(OCc4cc(O)c(N)c(F)c4)c(=O)oc3c2C)OC1(C)C,True,3.5646400000000016,45.0,628.6060000000001,4.589739136533094,0.5849056603773585,-9.2,0.6499999999999999,0.6499999999999999,0.6499999999999999,-9.2,1
291,CO[C@@H]1[C@@H](OC(=O)c2ccc(C)[nH]2)[C@@H](O)[C@H](Oc2ccc3c(O)c(Cc4cc(CS(=O)(=O)Cl)ccc4N)c(=O)oc3c2C)OC1(C)C,True,3.800340000000002,47.0,691.155,4.666673233819379,0.5648148148148148,-9.7,0.7124999999999999,0.7124999999999999,0.7124999999999999,-9.7,1
375,CO[C@@H]1[C@@H](OC(=O)c2ccc(C)[nH]2)[C@@H](O)[C@H](Oc2ccc3c(O)c(Cc4cccc(CN)c4)c(=O)oc3c2C)OC1(C)C,True,3.608240000000001,43.0,592.6450000000002,4.382454030382464,0.5980392156862745,-7.42,0.4275,0.4275,0.4275,-7.9,1
439,CO[C@@H]1[C@@H](OC(=O)c2ccc(C)[nH]2)[C@@H](O)[C@H](Oc2ccc3c(O)c(-c4ccc(CO)c(N)c4O)c(=O)oc3c2C)OC1(C)C,True,3.005840000000001,44.0,610.6160000000001,4.650377946972469,0.594059405940594,-9.5,0.6875,0.6875,0.6875,-9.5,1
493,CO[C@@H]1[C@@H](OC(=O)c2ccc(C)[nH]2)[C@@H](O)[C@H](Oc2ccc3c(O)c(OCCO)c(=O)oc3c2C)OC1(C)C,True,1.92984,38.0,533.5300000000003,4.3724908841331445,0.631578947368421,-6.4,0.3,0.3,0.3,-6.4,1
497,CO[C@@H]1[C@@H](OC(=O)c2ccc(C)[nH]2)[C@@H](O)[C@H](Oc2ccc3c(O)c(OCc4cnc(N)nc4O)c(=O)oc3c2C)OC1(C)C,True,2.21554,44.0,612.5920000000001,4.649134720653334,0.5660377358490566,-8.7,0.5874999999999999,0.5874999999999999,0.5874999999999999,-8.7,1
539,CO[C@@H]1[C@@H](OC(=O)c2ccc(C)[nH]2)[C@@H](O)[C@H](Oc2ccc3c(O)c(COC(=O)C(O)C(CO)C(O)CO)c(=O)oc3c2C)OC1(C)C,True,-0.0754600000000003,47.0,665.6450000000002,5.116587635531338,0.5714285714285714,-7.6,0.4499999999999999,0.4499999999999999,0.4499999999999999,-8.0,1
573,CO[C@@H]1[C@@H](OC(=O)c2ccc(C)[nH]2)[C@@H](O)[C@H](Oc2ccc3c(O)c(CC(O)CO)c(=O)oc3c2C)OC1(C)C,True,1.4544399999999995,39.0,547.5570000000002,4.596395129947302,0.6185567010309279,-6.9,0.3625,0.3625,0.3625,-6.9,1
608,CO[C@@H]1[C@@H](OC(=O)c2ccc(C)[nH]2)[C@@H](O)[C@H](Oc2ccc3c(O)c(C4=Nc5nc(N)c(=O)[nH]c54)c(=O)oc3c2C)OC1(C)C,True,1.7067399999999997,44.0,607.5760000000001,4.9091860874683375,0.5514018691588785,-9.0,0.625,0.625,0.625,-9.0,1
648,CO[C@@H]1[C@@H](OC(=O)c2ccc(C)[nH]2)[C@@H](O)[C@H](Oc2ccc3c(O)c(-c4nnc(N)nc4O)c(=O)oc3c2C)OC1(C)C,True,1.6985399999999995,42.0,583.5540000000002,4.6805298985909936,0.5728155339805825,-8.8,0.6000000000000001,0.6000000000000001,0.6000000000000001,-8.8,1
668,CO[C@@H]1[C@@H](OC(=O)c2ccc(C)[nH]2)[C@@H](O)[C@H](Oc2ccc3c(O)c(-c4cccc(N)c4)c(=O)oc3c2C)OC1(C)C,True,3.807940000000002,41.0,564.5910000000002,4.357320223081719,0.6,-7.340000000000001,0.4175000000000001,0.4175000000000001,0.4175000000000001,-7.6,1
670,CO[C@@H]1[C@@H](OC(=O)c2ccc(C)[nH]2)[C@@H](O)[C@H](Oc2ccc3c(O)c(CCNC(=O)c4cncc(N)c4)c(=O)oc3c2C)OC1(C)C,True,2.50844,46.0,636.6580000000001,4.547802484702334,0.5925925925925926,-8.7,0.5874999999999999,0.5874999999999999,0.5874999999999999,-8.7,1
737,C=Cc1c(O)c2ccc(O[C@@H]3OC(C)(C)[C@H](OC)[C@@H](OC(=O)c4ccc(C)[nH]4)[C@H]3O)c(C)c2oc1=O,True,3.201740000000001,36.0,499.51600000000025,4.455997523630286,0.6451612903225806,-7.1,0.3874999999999999,0.3874999999999999,0.3874999999999999,-7.1,1
784,CO[C@@H]1[C@@H](OC(=O)c2ccc(C)[nH]2)[C@@H](O)[C@H](Oc2ccc3c(O)c(-c4ccc(CN)cn4)c(=O)oc3c2C)OC1(C)C,True,3.0794400000000017,42.0,579.6060000000002,4.45504794033935,0.5825242718446602,-8.8,0.6000000000000001,0.6000000000000001,0.6000000000000001,-8.8,1
856,CO[C@@H]1[C@@H](OC(=O)c2ccc(C)[nH]2)[C@@H](O)[C@H](Oc2ccc3c(O)c(CCc4cccc(C(=O)NCCO)c4)c(=O)oc3c2C)OC1(C)C,True,3.066040000000002,48.0,664.7080000000002,4.462205308591748,0.6132075471698113,-9.2,0.6499999999999999,0.6499999999999999,0.6499999999999999,-9.2,1
881,CO[C@@H]1[C@@H](OC(=O)c2ccc(C)[nH]2)[C@@H](O)[C@H](Oc2ccc3c(O)c(-c4ccc(CCl)cc4)c(=O)oc3c2C)OC1(C)C,True,4.964540000000005,42.0,598.0480000000001,4.360285340869854,0.6060606060606061,-8.9,0.6125,0.6125,0.6125,-8.9,1
904,CO[C@@H]1[C@@H](OC(=O)c2ccc(C)[nH]2)[C@@H](O)[C@H](Oc2ccc3c(O)c(C4(O)CC(N)C4O)c(=O)oc3c2C)OC1(C)C,True,0.8382399999999999,41.0,574.5830000000002,5.0842833208816485,0.59,-7.4,0.425,0.425,0.425,-7.4,1
937,CO[C@@H]1[C@@H](OC(=O)c2ccc(C)[nH]2)[C@@H](O)[C@H](Oc2ccc3c(O)c(-c4ccc5cc(F)ccc5c4)c(=O)oc3c2C)OC1(C)C,True,5.518040000000005,45.0,617.6260000000001,4.373831183062175,0.594059405940594,-9.5,0.6875,0.6875,0.6875,-9.5,1
974,CO[C@@H]1[C@@H](OC(=O)c2ccc(C)[nH]2)[C@@H](O)[C@H](Oc2ccc3c(O)c(C(CO)C(N)(CO)CO)c(=O)oc3c2C)OC1(C)C,True,0.3167400000000004,43.0,606.6250000000002,4.942817056528427,0.61,-7.6,0.4499999999999999,0.4499999999999999,0.4499999999999999,-7.6,1
987,CO[C@@H]1[C@@H](OC(=O)c2ccc(C)[nH]2)[C@@H](O)[C@H](Oc2ccc3c(O)c(CC(N)C(=O)NCC(N)CO)c(=O)oc3c2C)OC1(C)C,True,-0.1356599999999979,45.0,632.6670000000001,4.865962136876432,0.5754716981132075,-7.6,0.4499999999999999,0.4499999999999999,0.4499999999999999,-7.6,1
996,CO[C@@H]1[C@@H](OC(=O)c2ccc(C)[nH]2)[C@@H](O)[C@H](Oc2ccc3c(O)c(NC(=O)CCCl)c(=O)oc3c2C)OC1(C)C,True,3.1261400000000013,40.0,579.0020000000003,4.4245848850628295,0.7021276595744681,-8.0,0.5,0.5,0.5,-8.0,1
