Step,SMILES,HasSubstructure,LogP,NumHeavyAtoms,MW,SA,Score,Penalized Score,lowest_mode1_affinity,pareto_rank
3,CO[C@@H]1[C@@H](OC(=O)c2ccc(C)[nH]2)[C@@H](O)[C@H](Oc2ccc3c(O)c(CNC(=O)c4ccc(N)c(O)c4)c(=O)oc3c2C)OC1(C)C,True,2.7765400000000007,46.0,637.6420000000002,4.485199620637266,0.6768086493074537,0.6768086493074537,-8.8,1
5,CO[C@@H]1[C@@H](OC(=O)c2ccc(C)[nH]2)[C@@H](O)[C@H](Oc2ccc3c(O)c(-c4ccc(C(=O)NCC#N)cc4)c(=O)oc3c2C)OC1(C)C,True,3.4791200000000018,46.0,631.6380000000001,4.450866324799245,0.6180880096256683,0.6180880096256683,-9.6,1
8,CO[C@@H]1[C@@H](OC(=O)c2ccc(C)[nH]2)[C@@H](O)[C@H](Oc2ccc3c(O)c(NC(=O)Nc4cccc(C)c4C)c(=O)oc3c2C)OC1(C)C,True,4.819580000000003,46.0,635.6700000000001,4.397917203054848,0.5139158368734381,0.5139158368734381,-9.5,1
12,CO[C@@H]1[C@@H](OC(=O)c2ccc(C)[nH]2)[C@@H](O)[C@H](Oc2ccc3c(O)c(-c4ccc5c(=O)[nH]c(=O)[nH]c(=O)c5c4)c(=O)oc3c2C)OC1(C)C,True,2.11574,48.0,661.6200000000001,4.589997453289156,0.4543897665005255,0.4543897665005255,-9.4,1
13,CO[C@@H]1[C@@H](OC(=O)c2ccc(C)[nH]2)[C@@H](O)[C@H](Oc2ccc3c(O)c(-c4ccccc4O)c(=O)oc3c2C)OC1(C)C,True,3.9313400000000014,41.0,565.5750000000002,4.340411986185872,0.6485220498641181,0.6485220498641181,-8.7,1
18,CO[C@@H]1[C@@H](OC(=O)c2ccc(C)[nH]2)[C@@H](O)[C@H](Oc2ccc3c(O)c(-c4[nH]c(=O)c(=O)[nH]c4O)c(=O)oc3c2C)OC1(C)C,True,1.3079399999999994,43.0,599.5490000000001,4.699983770325778,0.5147488052392972,0.5147488052392972,-9.0,1
19,CO[C@@H]1[C@@H](OC(=O)c2ccc(C)[nH]2)[C@@H](O)[C@H](Oc2ccc3c(O)c(-c4cc(O)ccc4O)c(=O)oc3c2C)OC1(C)C,True,3.636940000000002,42.0,581.5740000000002,4.4345018049455085,0.6621382390539685,0.6621382390539685,-8.9,1
26,CO[C@@H]1[C@@H](OC(=O)c2ccc(C)[nH]2)[C@@H](O)[C@H](Oc2ccc3c(O)c(NCCO)c(=O)oc3c2C)OC1(C)C,True,1.96294,38.0,532.5460000000003,4.434023724369832,0.6041527866110621,0.6041527866110621,-6.5,1
26,CO[C@@H]1[C@@H](OC(=O)c2ccc(C)[nH]2)[C@@H](O)[C@H](Oc2ccc3c(O)c(CNC(=O)c4c(O)nc(N)[nH]c4=O)c(=O)oc3c2C)OC1(C)C,True,0.8598399999999994,47.0,655.6170000000001,4.726118666511688,0.4520939511802364,0.4520939511802364,-8.5,1
28,CO[C@@H]1[C@@H](OC(=O)c2ccc(C)[nH]2)[C@@H](O)[C@H](Oc2ccc3c(O)c(CNC(=O)c4ccc(N)cc4)c(=O)oc3c2C)OC1(C)C,True,3.070940000000001,45.0,621.6430000000001,4.369689191002622,0.6653000526399717,0.6653000526399717,-8.6,1
31,CO[C@@H]1[C@@H](OC(=O)c2ccc(C)[nH]2)[C@@H](O)[C@H](Oc2ccc3c(O)c(CCNC(=O)c4ccc(N)c(C)c4)c(=O)oc3c2C)OC1(C)C,True,3.4218600000000023,47.0,649.6970000000002,4.4613443149911145,0.6073646281469387,0.6073646281469387,-9.1,1
31,CO[C@@H]1[C@@H](OC(=O)c2ccc(C)[nH]2)[C@@H](O)[C@H](Oc2ccc3c(O)c(NCCNC(=O)C4(O)CCNC4=O)c(=O)oc3c2C)OC1(C)C,True,0.337840000000001,47.0,658.6610000000002,4.988395271057058,0.4503565145019612,0.4503565145019612,-8.9,1
31,CO[C@@H]1[C@@H](OC(=O)c2ccc(C)[nH]2)[C@@H](O)[C@H](Oc2ccc3c(O)c(O[C@H]4CNC(=O)c5c(N)n[nH]c54)c(=O)oc3c2C)OC1(C)C,True,1.7275399999999996,46.0,639.6180000000002,5.036872822960886,0.4552269591115919,0.4552269591115919,-9.3,1
33,CO[C@@H]1[C@@H](OC(=O)c2ccc(C)[nH]2)[C@@H](O)[C@H](Oc2ccc3c(O)c(NC(N)=O)c(=O)oc3c2C)OC1(C)C,True,2.04934,38.0,531.5180000000003,4.404879199178817,0.6111272602700272,0.6111272602700272,-7.3,1
34,CO[C@@H]1[C@@H](OC(=O)c2ccc(C)[nH]2)[C@@H](O)[C@H](Oc2ccc3c(O)c(CCNC(=O)c4cc(N)ccc4O)c(=O)oc3c2C)OC1(C)C,True,2.819040000000001,47.0,651.6690000000002,4.507141810518843,0.6500600451078066,0.6500600451078066,-9.1,1
35,CO[C@@H]1[C@@H](OC(=O)c2ccc(C)[nH]2)[C@@H](O)[C@H](Oc2ccc3c(O)c(-c4ccc(C)c(N)c4)c(=O)oc3c2C)OC1(C)C,True,4.116360000000002,42.0,578.6180000000003,4.403598393574271,0.6142862846540718,0.6142862846540718,-9.1,1
35,CO[C@@H]1[C@@H](OC(=O)c2ccc(C)[nH]2)[C@@H](O)[C@H](Oc2ccc3c(O)c(N4C(=O)c5ccc(N)cc5C4=O)c(=O)oc3c2C)OC1(C)C,True,2.9415400000000016,46.0,633.6100000000001,4.5586292909669375,0.6471735841467622,0.6471735841467622,-9.0,1
39,CO[C@@H]1[C@@H](OC(=O)c2ccc(C)[nH]2)[C@@H](O)[C@H](Oc2ccc3c(O)c(NS(=O)(=O)c4ccccc4)c(=O)oc3c2C)OC1(C)C,True,3.3595400000000017,44.0,628.6560000000001,4.357387104632991,0.6371925588950266,0.6371925588950266,-8.4,1
39,CO[C@@H]1[C@@H](OC(=O)c2ccc(C)[nH]2)[C@@H](O)[C@H](Oc2ccc3c(O)c(C4(N)C=CCO4)c(=O)oc3c2C)OC1(C)C,True,2.25664,40.0,556.5680000000002,4.94746398766114,0.5499455731258661,0.5499455731258661,-8.4,1
41,CO[C@@H]1[C@@H](OC(=O)c2ccc(C)[nH]2)[C@@H](O)[C@H](Oc2ccc3c(O)c(NCc4ccccc4)c(=O)oc3c2C)OC1(C)C,True,4.170840000000003,42.0,578.6180000000002,4.295980137850062,0.6255997987488877,0.6255997987488877,-8.2,1
41,CO[C@@H]1[C@@H](OC(=O)c2ccc(C)[nH]2)[C@@H](O)[C@H](Oc2ccc3c(O)c(N)c(=O)oc3c2C)OC1(C)C,True,2.14094,35.0,488.4930000000003,4.386392044501547,0.6391531337169836,0.6391531337169836,-7.6,1
43,CO[C@@H]1[C@@H](OC(=O)c2ccc(C)[nH]2)[C@@H](O)[C@H](Oc2ccc3c(O)c(NCC(=O)N4CCCCC4)c(=O)oc3c2C)OC1(C)C,True,2.983140000000001,44.0,613.6640000000002,4.45881086626629,0.6770226397195055,0.6770226397195055,-8.4,1
43,CO[C@@H]1[C@@H](OC(=O)c2ccc(C)[nH]2)[C@@H](O)[C@H](Oc2ccc3c(O)c(-c4ccc(S(=O)(=O)NCCN)cc4)c(=O)oc3c2C)OC1(C)C,True,2.462740000000001,47.0,671.7250000000001,4.476999055599345,0.4409638685688979,0.4409638685688979,-8.7,1
44,CO[C@@H]1[C@@H](OC(=O)c2ccc(C)[nH]2)[C@@H](O)[C@H](Oc2ccc3c(O)c(NCCNC(=O)c4ccccc4)c(=O)oc3c2C)OC1(C)C,True,3.400640000000002,46.0,635.6700000000001,4.36778691459331,0.6301595980735997,0.6301595980735997,-9.0,1
45,CO[C@@H]1[C@@H](OC(=O)c2ccc(C)[nH]2)[C@@H](O)[C@H](Oc2ccc3c(O)c(-c4ccc(CCN)cc4)c(=O)oc3c2C)OC1(C)C,True,3.7269400000000017,43.0,592.6450000000002,4.349307036200175,0.6332050386345556,0.6332050386345556,-8.8,1
47,CO[C@@H]1[C@@H](OC(=O)c2ccc(C)[nH]2)[C@@H](O)[C@H](Oc2ccc3c(O)c(CNC(=O)C(C)N)c(=O)oc3c2C)OC1(C)C,True,1.5221399999999998,41.0,573.5990000000003,4.558319082667246,0.5426060065443791,0.5426060065443791,-7.6,1
47,CO[C@@H]1[C@@H](OC(=O)c2ccc(C)[nH]2)[C@@H](O)[C@H](Oc2ccc3c(O)c(C4CC4NC(N)=O)c(=O)oc3c2C)OC1(C)C,True,2.08294,41.0,571.5830000000002,4.808939544727811,0.537042671819783,0.537042671819783,-8.4,1
49,CO[C@@H]1[C@@H](OC(=O)c2ccc(C)[nH]2)[C@@H](O)[C@H](Oc2ccc3c(O)c(NCCNC(=O)c4c[nH]c(=O)c(=O)[nH]4)c(=O)oc3c2C)OC1(C)C,True,0.7772400000000002,48.0,669.6440000000001,4.755562837904539,0.4490187092450927,0.4490187092450927,-8.9,1
51,CO[C@@H]1[C@@H](OC(=O)c2ccc(C)[nH]2)[C@@H](O)[C@H](Oc2ccc3c(O)c(NCC(=O)N4C(=O)C(O)C4=O)c(=O)oc3c2C)OC1(C)C,True,0.2269399999999999,45.0,629.5750000000002,4.8114636713345575,0.4903326528527632,0.4903326528527632,-8.0,1
51,CO[C@@H]1[C@@H](OC(=O)c2ccc(C)[nH]2)[C@@H](O)[C@H](Oc2ccc3c(O)c(NC4(O)COC4)c(=O)oc3c2C)OC1(C)C,True,1.6894399999999998,40.0,560.5560000000003,4.7394070445547145,0.5618899967110444,0.5618899967110444,-7.9,1
52,CO[C@@H]1[C@@H](OC(=O)c2ccc(C)[nH]2)[C@@H](O)[C@H](Oc2ccc3c(O)c(NC(=O)C4(O)CS(=O)(=O)C4)c(=O)oc3c2C)OC1(C)C,True,0.6567399999999994,44.0,636.6320000000002,4.768342347233226,0.4876983270714141,0.4876983270714141,-8.6,1
52,CO[C@@H]1[C@@H](OC(=O)c2ccc(C)[nH]2)[C@@H](O)[C@H](Oc2ccc3c(O)c(-c4ccc(CN)cc4)c(=O)oc3c2C)OC1(C)C,True,3.684440000000002,42.0,578.6180000000003,4.335099664477282,0.6519938791983527,0.6519938791983527,-7.6,1
55,C#CC(N)c1c(O)c2ccc(O[C@@H]3OC(C)(C)[C@H](OC)[C@@H](OC(=O)c4ccc(C)[nH]4)[C@H]3O)c(C)c2oc1=O,True,2.19174,38.0,526.5420000000003,4.74713149953154,0.5831715913971841,0.5831715913971841,-7.8,1
56,CO[C@@H]1[C@@H](OC(=O)c2ccc(C)[nH]2)[C@@H](O)[C@H](Oc2ccc3c(O)c(N4CCCCC4)c(=O)oc3c2C)OC1(C)C,True,3.5490400000000024,40.0,556.6120000000003,4.388269361211526,0.6826527233655975,0.6826527233655975,-8.1,1
59,CO[C@@H]1[C@@H](OC(=O)c2ccc(C)[nH]2)[C@@H](O)[C@H](Oc2ccc3c(O)c(CCNC(=O)NCCNC(=O)CN)c(=O)oc3c2C)OC1(C)C,True,0.475340000000003,47.0,659.6930000000001,4.56795862626124,0.4529685165702208,0.4529685165702208,-8.6,1
59,CO[C@@H]1[C@@H](OC(=O)c2ccc(C)[nH]2)[C@@H](O)[C@H](Oc2ccc3c(O)c(NCC(=O)NCCNC(C)=O)c(=O)oc3c2C)OC1(C)C,True,1.2229400000000004,45.0,630.6510000000002,4.516827316645664,0.4978402308994399,0.4978402308994399,-8.3,1
60,CO[C@@H]1[C@@H](OC(=O)c2ccc(C)[nH]2)[C@@H](O)[C@H](Oc2ccc3c(O)c(NC(=O)NCCc4ccccc4)c(=O)oc3c2C)OC1(C)C,True,3.9229400000000014,46.0,635.6700000000001,4.337304823247155,0.5872121465722502,0.5872121465722502,-9.1,1
60,CO[C@@H]1[C@@H](OC(=O)c2ccc(C)[nH]2)[C@@H](O)[C@H](Oc2ccc3c(O)c(NCC(=O)Nc4ccccc4)c(=O)oc3c2C)OC1(C)C,True,3.609340000000002,45.0,621.643,4.346971859985251,0.6255228718308621,0.6255228718308621,-8.3,1
60,CO[C@@H]1[C@@H](OC(=O)c2ccc(C)[nH]2)[C@@H](O)[C@H](Oc2ccc3c(O)c(NC(=O)Nc4cccc(C(F)(F)F)c4)c(=O)oc3c2C)OC1(C)C,True,5.221540000000004,48.0,675.613,4.455422830964914,0.4517494465725599,0.4517494465725599,-9.8,1
64,CO[C@@H]1[C@@H](OC(=O)c2ccc(C)[nH]2)[C@@H](O)[C@H](Oc2ccc3c(O)c(COc4ccc(CN)cc4)c(=O)oc3c2C)OC1(C)C,True,3.596440000000002,44.0,608.6440000000002,4.369556515698825,0.6240641446132628,0.6240641446132628,-8.2,1
65,CO[C@@H]1[C@@H](OC(=O)c2ccc(C)[nH]2)[C@@H](O)[C@H](Oc2ccc3c(O)c(NC(=O)c4c(N)cnn4C)c(=O)oc3c2C)OC1(C)C,True,2.126739999999999,44.0,611.6080000000001,4.577624485434008,0.5166108950724246,0.5166108950724246,-8.5,1
67,CO[C@@H]1[C@@H](OC(=O)c2ccc(C)[nH]2)[C@@H](O)[C@H](Oc2ccc3c(O)c(NCCNC(=O)CN)c(=O)oc3c2C)OC1(C)C,True,1.0455400000000008,42.0,588.6140000000003,4.505627691233133,0.5374846729907586,0.5374846729907586,-7.4,1
68,CO[C@@H]1[C@@H](OC(=O)c2ccc(C)[nH]2)[C@@H](O)[C@H](Oc2ccc3c(O)c(CNS(=O)(=O)c4ccc(CN)cc4)c(=O)oc3c2C)OC1(C)C,True,2.49594,47.0,671.7250000000001,4.473453796207572,0.4410426521109373,0.4410426521109373,-8.6,1
68,CO[C@@H]1[C@@H](OC(=O)c2ccc(C)[nH]2)[C@@H](O)[C@H](Oc2ccc3c(O)c(NCCNC(=O)c4ccc(F)cc4)c(=O)oc3c2C)OC1(C)C,True,3.539740000000002,47.0,653.6600000000001,4.410130397280918,0.6008980026325482,0.6008980026325482,-9.1,1
69,CO[C@@H]1[C@@H](OC(=O)c2ccc(C)[nH]2)[C@@H](O)[C@H](Oc2ccc3c(O)c(-c4nc(N)oc4C)c(=O)oc3c2C)OC1(C)C,True,3.1043600000000016,41.0,569.5670000000002,4.654171193129371,0.6964102446051978,0.6964102446051978,-8.8,1
70,CO[C@@H]1[C@@H](OC(=O)c2ccc(C)[nH]2)[C@@H](O)[C@H](Oc2ccc3c(O)c(S(=O)(=O)NCCNC(=O)[C@@H](O)CN)c(=O)oc3c2C)OC1(C)C,True,-0.7271599999999963,47.0,682.7049999999999,4.837569978422572,0.425629758055256,0.425629758055256,-7.7,1
71,CO[C@@H]1[C@@H](OC(=O)c2ccc(C)[nH]2)[C@@H](O)[C@H](Oc2ccc3c(O)c(C4(O)C(C)C4N)c(=O)oc3c2C)OC1(C)C,True,1.7233399999999996,40.0,558.5840000000002,4.965118449054737,0.5492165294010947,0.5492165294010947,-8.3,1
71,CO[C@@H]1[C@@H](OC(=O)c2ccc(C)[nH]2)[C@@H](O)[C@H](Oc2ccc3c(O)c(NC4(O)C(=O)NC4C#N)c(=O)oc3c2C)OC1(C)C,True,0.6812199999999999,43.0,598.565,5.20759773688618,0.5063178802279905,0.5063178802279905,-8.4,1
72,CO[C@@H]1[C@@H](OC(=O)c2ccc(C)[nH]2)[C@@H](O)[C@H](Oc2ccc3c(O)c(CNC(=O)c4ccc(CN)cc4)c(=O)oc3c2C)OC1(C)C,True,2.947440000000001,46.0,635.6700000000002,4.381784919590281,0.6587017503162909,0.6587017503162909,-8.3,1
74,CO[C@@H]1[C@@H](OC(=O)c2ccc(C)[nH]2)[C@@H](O)[C@H](Oc2ccc3c(O)c(C(N)C(O)CO)c(=O)oc3c2C)OC1(C)C,True,0.91174,40.0,562.5720000000002,4.8144762325109856,0.5481977068498078,0.5481977068498078,-7.4,1
74,CO[C@@H]1[C@@H](OC(=O)c2ccc(C)[nH]2)[C@@H](O)[C@H](Oc2ccc3c(O)c(NCCN4CCOCC4)c(=O)oc3c2C)OC1(C)C,True,2.30284,43.0,601.6530000000002,4.466625012929329,0.5217023605420705,0.1739007868473568,-8.4,1
74,CO[C@@H]1[C@@H](OC(=O)c2ccc(C)[nH]2)[C@@H](O)[C@H](Oc2ccc3c(O)c(NC4(CO)CCc5cc(C)c(=O)[nH]c54)c(=O)oc3c2C)OC1(C)C,True,2.8013600000000007,48.0,665.6960000000001,5.112517989774678,0.6207144427410184,0.6207144427410184,-9.8,1
75,CO[C@@H]1[C@@H](OC(=O)c2ccc(C)[nH]2)[C@@H](O)[C@H](Oc2ccc3c(O)c(C(N)C(=O)N4CC(=O)N4C)c(=O)oc3c2C)OC1(C)C,True,0.7741400000000005,44.0,614.6080000000002,4.974463030381656,0.4834840831058725,0.4834840831058725,-8.9,1
75,CO[C@@H]1[C@@H](OC(=O)c2ccc(C)[nH]2)[C@@H](O)[C@H](Oc2ccc3c(O)c(NCC(O)O)c(=O)oc3c2C)OC1(C)C,True,1.28134,39.0,548.5450000000002,4.57166783135596,0.5823712450850312,0.5823712450850312,-7.3,1
76,CO[C@@H]1[C@@H](OC(=O)c2ccc(C)[nH]2)[C@@H](O)[C@H](Oc2ccc3c(O)c(-c4nc(N)[nH]c4N)c(=O)oc3c2C)OC1(C)C,True,2.11324,41.0,569.5710000000003,4.680566660162338,0.5398974705779549,0.5398974705779549,-8.8,1
82,CO[C@@H]1[C@@H](OC(=O)c2ccc(C)[nH]2)[C@@H](O)[C@H](Oc2ccc3c(O)c(-c4ccc(Cc5ccccc5)cc4)c(=O)oc3c2C)OC1(C)C,True,5.816540000000006,47.0,639.7010000000001,4.286392355322876,0.4815435015350761,0.4815435015350761,-7.9,1
82,CO[C@@H]1[C@@H](OC(=O)c2ccc(C)[nH]2)[C@@H](O)[C@H](Oc2ccc3c(O)c(CNC(=O)CCNC(=O)CN)c(=O)oc3c2C)OC1(C)C,True,0.6399400000000013,45.0,630.6510000000002,4.484991294131593,0.4864653359840571,0.4864653359840571,-7.6,1
83,CO[C@@H]1[C@@H](OC(=O)c2ccc(C)[nH]2)[C@@H](O)[C@H](Oc2ccc3c(O)c(COc4ccc(C)cc4C)c(=O)oc3c2C)OC1(C)C,True,4.754580000000004,44.0,607.6560000000002,4.360564854156195,0.5369559857414328,0.5369559857414328,-9.0,1
83,CO[C@@H]1[C@@H](OC(=O)c2ccc(C)[nH]2)[C@@H](O)[C@H](Oc2ccc3c(O)c(COc4ccc(C#N)cc4)c(=O)oc3c2C)OC1(C)C,True,4.009420000000003,44.0,604.6120000000002,4.391242770427703,0.5941149655212529,0.5941149655212529,-9.0,1
87,CO[C@@H]1[C@@H](OC(=O)c2ccc(C)[nH]2)[C@@H](O)[C@H](Oc2ccc3c(O)c(CN4CCCCC4)c(=O)oc3c2C)OC1(C)C,True,3.544640000000002,41.0,570.6390000000004,4.350968662764998,0.6708221565924816,0.6708221565924816,-7.8,1
89,CO[C@@H]1[C@@H](OC(=O)c2ccc(C)[nH]2)[C@@H](O)[C@H](Oc2ccc3c(O)c(CNS(=O)(=O)c4cc(N)ccc4F)c(=O)oc3c2C)OC1(C)C,True,2.758540000000001,47.0,675.6880000000001,4.554551839588611,0.6179685076497633,0.6179685076497633,-9.3,1
89,CO[C@@H]1[C@@H](OC(=O)c2ccc(C)[nH]2)[C@@H](O)[C@H](Oc2ccc3c(O)c(NS(=O)(=O)c4ccc(N)cc4)c(=O)oc3c2C)OC1(C)C,True,2.941740000000001,45.0,643.671,4.445599549291067,0.651644958469196,0.651644958469196,-8.6,1
91,CO[C@@H]1[C@@H](OC(=O)c2ccc(C)[nH]2)[C@@H](O)[C@H](Oc2ccc3c(O)c(-c4ccc(S(=O)(=O)NN)cc4O)c(=O)oc3c2C)OC1(C)C,True,2.08334,46.0,659.6700000000001,4.628015787670233,0.4546968661221696,0.4546968661221696,-9.5,1
99,CO[C@@H]1[C@@H](OC(=O)c2ccc(C)[nH]2)[C@@H](O)[C@H](Oc2ccc3c(O)c(OCc4cccc(CN)c4)c(=O)oc3c2C)OC1(C)C,True,3.596440000000002,44.0,608.6440000000002,4.3818648385235415,0.6245934642670293,0.6245934642670293,-8.3,1
103,CO[C@@H]1[C@@H](OC(=O)c2ccc(C)[nH]2)[C@@H](O)[C@H](Oc2ccc3c(O)c(NC4CCN(CC(N)=O)C4)c(=O)oc3c2C)OC1(C)C,True,1.5302400000000005,44.0,614.6520000000002,4.669065524144578,0.5019835129618327,0.5019835129618327,-8.8,1
105,CO[C@@H]1[C@@H](OC(=O)c2ccc(C)[nH]2)[C@@H](O)[C@H](Oc2ccc3c(O)c(-c4ccc(N)cc4)c(=O)oc3c2C)OC1(C)C,True,3.807940000000002,41.0,564.5910000000002,4.328081557322699,0.65640690489258,0.65640690489258,-7.5,1
109,CO[C@@H]1[C@@H](OC(=O)c2ccc(C)[nH]2)[C@@H](O)[C@H](Oc2ccc3c(O)c(COc4ccccc4CN)c(=O)oc3c2C)OC1(C)C,True,3.596440000000001,44.0,608.6440000000002,4.402062064248636,0.6233417990899337,0.4155611993932891,-8.6,1
113,CO[C@@H]1[C@@H](OC(=O)c2ccc(C)[nH]2)[C@@H](O)[C@H](Oc2ccc3c(O)c(COC(=O)C4(N)CNC4=O)c(=O)oc3c2C)OC1(C)C,True,0.4292400000000005,44.0,615.5920000000002,4.938361210730719,0.4862818472054364,0.4862818472054364,-8.8,1
113,CO[C@@H]1[C@@H](OC(=O)c2ccc(C)[nH]2)[C@@H](O)[C@H](Oc2ccc3c(O)c(C4(N)CC(=O)C4O)c(=O)oc3c2C)OC1(C)C,True,1.0464399999999994,41.0,572.5670000000002,4.996411311137077,0.5310952932500461,0.5310952932500461,-8.7,1
114,CO[C@@H]1[C@@H](OC(=O)c2ccc(C)[nH]2)[C@@H](O)[C@H](Oc2ccc3c(O)c(NC(C)=O)c(=O)oc3c2C)OC1(C)C,True,2.5171400000000004,38.0,530.5300000000003,4.352192567364029,0.6188270288806896,0.6188270288806896,-8.0,1
118,CO[C@@H]1[C@@H](OC(=O)c2ccc(C)[nH]2)[C@@H](O)[C@H](Oc2ccc3c(O)c(C(CN)(CO)CO)c(=O)oc3c2C)OC1(C)C,True,0.7398399999999998,41.0,576.5990000000003,4.781352949886127,0.5376132943575938,0.5376132943575938,-7.4,1
123,CO[C@@H]1[C@@H](OC(=O)c2ccc(C)[nH]2)[C@@H](O)[C@H](Oc2ccc3c(O)c(NC(=O)c4ccc(N)cc4)c(=O)oc3c2C)OC1(C)C,True,3.3932400000000014,44.0,607.6160000000001,4.342455000373613,0.6794739491639206,0.6794739491639206,-7.9,1
126,CO[C@@H]1[C@@H](OC(=O)c2ccc(C)[nH]2)[C@@H](O)[C@H](Oc2ccc3c(O)c(-c4ccc(CN)cn4)c(=O)oc3c2C)OC1(C)C,True,3.0794400000000017,42.0,579.6060000000002,4.45504794033935,0.6926355503500182,0.4617570335666788,-8.8,1
128,CO[C@@H]1[C@@H](OC(=O)c2ccc(C)[nH]2)[C@@H](O)[C@H](Oc2ccc3c(O)c(CC(=O)NCCNC(=O)CN)c(=O)oc3c2C)OC1(C)C,True,0.2923400000000025,45.0,630.6510000000002,4.498941012705702,0.4877166522151174,0.4877166522151174,-7.3,1
130,CO[C@@H]1[C@@H](OC(=O)c2ccc(C)[nH]2)[C@@H](O)[C@H](Oc2ccc3c(O)c(N(CN)CO)c(=O)oc3c2C)OC1(C)C,True,1.2311399999999997,39.0,547.5610000000003,4.71518844093506,0.5664301231594536,0.5664301231594536,-6.5,1
134,CO[C@@H]1[C@@H](OC(=O)c2ccc(C)[nH]2)[C@@H](O)[C@H](Oc2ccc3c(O)c(CC(N)(CO)CO)c(=O)oc3c2C)OC1(C)C,True,0.7833399999999995,41.0,576.5990000000003,4.679652326185504,0.5419351638877107,0.5419351638877107,-7.3,1
141,CO[C@@H]1[C@@H](OC(=O)c2ccc(C)[nH]2)[C@@H](O)[C@H](Oc2ccc3c(O)c(N(C)C(=O)c4ccc(CO)cc4)c(=O)oc3c2C)OC1(C)C,True,3.327640000000001,46.0,636.6540000000001,4.508271049208695,0.6214181453558798,0.6214181453558798,-9.2,1
143,CO[C@@H]1[C@@H](OC(=O)c2ccc(C)[nH]2)[C@@H](O)[C@H](Oc2ccc3c(O)c(C(N)C(=O)NCC(N)=O)c(=O)oc3c2C)OC1(C)C,True,0.1600400000000006,43.0,602.5970000000002,4.691306446448851,0.5098970375949321,0.5098970375949321,-7.9,1
143,CO[C@@H]1[C@@H](OC(=O)c2ccc(C)[nH]2)[C@@H](O)[C@H](Oc2ccc3c(O)c(C(N)CO)c(=O)oc3c2C)OC1(C)C,True,1.5508399999999998,38.0,532.5460000000003,4.593167645909434,0.5864858202386845,0.5864858202386845,-7.0,1
155,CO[C@@H]1[C@@H](OC(=O)c2ccc(C)[nH]2)[C@@H](O)[C@H](Oc2ccc3c(O)c(CC(N)C(O)CO)c(=O)oc3c2C)OC1(C)C,True,0.7817399999999997,41.0,576.5990000000003,4.818423369349135,0.531890048240349,0.531890048240349,-7.6,1
161,CO[C@@H]1[C@@H](OC(=O)c2ccc(C)[nH]2)[C@@H](O)[C@H](Oc2ccc3c(O)c(CC(=O)N4CCC(N)C4)c(=O)oc3c2C)OC1(C)C,True,1.66084,43.0,599.6370000000003,4.626043882945726,0.5078632769740823,0.5078632769740823,-8.3,1
197,CO[C@@H]1[C@@H](OC(=O)c2ccc(C)[nH]2)[C@@H](O)[C@H](Oc2ccc3c(O)c(CCOc4ccc(N)nc4)c(=O)oc3c2C)OC1(C)C,True,3.157440000000002,44.0,609.6320000000002,4.514363451386088,0.6510640507401249,0.6510640507401249,-9.0,1
197,CO[C@@H]1[C@@H](OC(=O)c2ccc(C)[nH]2)[C@@H](O)[C@H](Oc2ccc3c(O)c(Cc4ccc(N)nc4)c(=O)oc3c2C)OC1(C)C,True,3.1267400000000016,42.0,579.6060000000002,4.451914651214681,0.6877549804987464,0.6877549804987464,-8.4,1
201,CO[C@@H]1[C@@H](OC(=O)c2ccc(C)[nH]2)[C@@H](O)[C@H](Oc2ccc3c(O)c(-c4nnc(N)s4)c(=O)oc3c2C)OC1(C)C,True,2.659440000000001,40.0,572.5960000000002,4.55540967495184,0.7305012108286023,0.7305012108286023,-8.5,1
221,CO[C@@H]1[C@@H](OC(=O)c2ccc(C)[nH]2)[C@@H](O)[C@H](Oc2ccc3c(O)c(CCn4ncc(C#N)c4N)c(=O)oc3c2C)OC1(C)C,True,2.451820000000001,44.0,607.6200000000002,4.676941459369164,0.4947505570107841,0.4947505570107841,-8.8,1
232,CO[C@@H]1[C@@H](OC(=O)c2ccc(C)[nH]2)[C@@H](O)[C@H](Oc2ccc3c(O)c(C(N)C(O)C(N)=O)c(=O)oc3c2C)OC1(C)C,True,0.4047400000000003,41.0,575.5710000000003,4.840198787984553,0.5316070767421055,0.5316070767421055,-7.2,1
239,CO[C@@H]1[C@@H](OC(=O)c2ccc(C)[nH]2)[C@@H](O)[C@H](Oc2ccc3c(O)c(CNC(=O)C(CO)CO)c(=O)oc3c2C)OC1(C)C,True,0.7757400000000001,43.0,604.6090000000002,4.593576669734063,0.5157312265162345,0.5157312265162345,-7.9,1
240,CO[C@@H]1[C@@H](OC(=O)c2ccc(C)[nH]2)[C@@H](O)[C@H](Oc2ccc3c(O)c(C(O)C(O)C(O)C(O)CN)c(=O)oc3c2C)OC1(C)C,True,-0.3664599999999995,44.0,622.624,5.108533612447972,0.4789335039984677,0.4789335039984677,-7.6,1
246,CO[C@@H]1[C@@H](OC(=O)c2ccc(C)[nH]2)[C@@H](O)[C@H](Oc2ccc3c(O)c(COc4cccc(CN)c4)c(=O)oc3c2C)OC1(C)C,True,3.596440000000002,44.0,608.6440000000002,4.39408690661938,0.6221085100687377,0.6221085100687377,-8.5,1
247,CO[C@@H]1[C@@H](OC(=O)c2ccc(C)[nH]2)[C@@H](O)[C@H](Oc2ccc3c(O)c(CC(=O)NNC(=O)CCN)c(=O)oc3c2C)OC1(C)C,True,0.5974400000000009,44.0,616.6240000000001,4.520029100818623,0.5010677324683278,0.5010677324683278,-7.4,1
259,CO[C@@H]1[C@@H](OC(=O)c2ccc(C)[nH]2)[C@@H](O)[C@H](Oc2ccc3c(O)c(NC(=O)CC(N)CO)c(=O)oc3c2C)OC1(C)C,True,1.2069399999999997,42.0,589.5980000000002,4.6523400942274336,0.5400444841744593,0.5400444841744593,-8.5,1
287,CO[C@@H]1[C@@H](OC(=O)c2ccc(C)[nH]2)[C@@H](O)[C@H](Oc2ccc3c(O)c(CC(=O)NCCNC(=O)CO)c(=O)oc3c2C)OC1(C)C,True,0.3259400000000005,45.0,631.6350000000002,4.5058066787469775,0.4890348677549682,0.4890348677549682,-7.6,1
292,CO[C@@H]1[C@@H](OC(=O)c2ccc(C)[nH]2)[C@@H](O)[C@H](Oc2ccc3c(O)c(NC(=O)CN4CCOCC4)c(=O)oc3c2C)OC1(C)C,True,1.8294399999999995,44.0,615.6360000000002,4.400676313933377,0.5159013364281908,0.5159013364281908,-8.5,1
309,CO[C@@H]1[C@@H](OC(=O)c2ccc(C)[nH]2)[C@@H](O)[C@H](Oc2ccc3c(O)c(CC(F)(F)NC(=O)CCNC(N)=O)c(=O)oc3c2C)OC1(C)C,True,1.86864,47.0,666.6310000000001,4.783963359122226,0.4389039351146688,0.4389039351146688,-9.4,1
334,CO[C@@H]1[C@@H](OC(=O)c2ccc(C)[nH]2)[C@@H](O)[C@H](Oc2ccc3c(O)c(CS(=O)(=O)CC(=O)NNC(=O)CN)c(=O)oc3c2C)OC1(C)C,True,-0.4203599999999965,47.0,680.689,4.720064994494729,0.4324262286338697,0.4324262286338697,-8.2,1
343,CO[C@@H]1[C@@H](OC(=O)c2ccc(C)[nH]2)[C@@H](O)[C@H](Oc2ccc3c(O)c(CC(=O)c4ccc(N)nc4)c(=O)oc3c2C)OC1(C)C,True,2.9613400000000016,44.0,607.6160000000002,4.5145878675064814,0.677162629926183,0.677162629926183,-9.1,1
344,CO[C@@H]1[C@@H](OC(=O)c2ccc(C)[nH]2)[C@@H](O)[C@H](Oc2ccc3c(O)c(CC(=O)NCCNC(N)=O)c(=O)oc3c2C)OC1(C)C,True,0.8857400000000003,44.0,616.6240000000001,4.481930254664777,0.5019143734939688,0.5019143734939688,-8.1,1
344,CO[C@@H]1[C@@H](OC(=O)c2ccc(C)[nH]2)[C@@H](O)[C@H](Oc2ccc3c(O)c(CC(=O)Nc4ccc(N)cc4)c(=O)oc3c2C)OC1(C)C,True,3.322140000000002,45.0,621.6430000000001,4.368535717057211,0.6397578816503771,0.6397578816503771,-8.2,1
344,CO[C@@H]1[C@@H](OC(=O)c2ccc(C)[nH]2)[C@@H](O)[C@H](Oc2ccc3c(O)c(CC(=O)N4CCCC(N)C4)c(=O)oc3c2C)OC1(C)C,True,2.05094,44.0,613.6640000000002,4.63130099776187,0.4918303117081925,0.4918303117081925,-8.5,1
354,CO[C@@H]1[C@@H](OC(=O)c2ccc(C)[nH]2)[C@@H](O)[C@H](Oc2ccc3c(O)c(NCC(=O)NCCO)c(=O)oc3c2C)OC1(C)C,True,1.0791399999999998,42.0,589.5980000000002,4.481838794912065,0.5383631726081781,0.5383631726081781,-7.6,1
355,CO[C@@H]1[C@@H](OC(=O)c2ccc(C)[nH]2)[C@@H](O)[C@H](Oc2ccc3c(O)c(-c4ccc(OCCN)cn4)c(=O)oc3c2C)OC1(C)C,True,2.958240000000001,44.0,609.6320000000002,4.502787158826189,0.6685088708013018,0.6685088708013018,-8.5,1
355,CO[C@@H]1[C@@H](OC(=O)c2ccc(C)[nH]2)[C@@H](O)[C@H](Oc2ccc3c(O)c(N(CO)CO)c(=O)oc3c2C)OC1(C)C,True,1.2647399999999998,39.0,548.5450000000003,4.686422403199212,0.572683188787073,0.572683188787073,-6.6,1
356,CO[C@@H]1[C@@H](OC(=O)c2ccc(C)[nH]2)[C@@H](O)[C@H](Oc2ccc3c(O)c(CC(=O)COCC(=O)NN)c(=O)oc3c2C)OC1(C)C,True,0.6768400000000003,44.0,617.6080000000002,4.628259870049392,0.4953476688689475,0.4953476688689475,-8.2,1
357,CO[C@@H]1[C@@H](OC(=O)c2ccc(C)[nH]2)[C@@H](O)[C@H](Oc2ccc3c(O)c(CC(=O)NCC(N)O)c(=O)oc3c2C)OC1(C)C,True,0.4945400000000002,42.0,589.5980000000002,4.683984628640389,0.5228666412090666,0.5228666412090666,-7.7,1
362,CO[C@@H]1[C@@H](OC(=O)c2ccc(C)[nH]2)[C@@H](O)[C@H](Oc2ccc3c(O)c(CNC(=O)COCCNC(=O)CN)c(=O)oc3c2C)OC1(C)C,True,0.2664400000000033,47.0,660.6770000000001,4.569715692450865,0.447696141840928,0.447696141840928,-8.2,1
364,CO[C@@H]1[C@@H](OC(=O)c2ccc(C)[nH]2)[C@@H](O)[C@H](Oc2ccc3c(O)c(C4=NC(C5(C)NC5=O)=C4N)c(=O)oc3c2C)OC1(C)C,True,1.42024,44.0,608.6040000000002,5.029014549450823,0.4903278818070756,0.4903278818070756,-9.2,1
366,CO[C@@H]1[C@@H](OC(=O)c2ccc(C)[nH]2)[C@@H](O)[C@H](Oc2ccc3c(O)c(C(N)C(=O)NCC(O)CO)c(=O)oc3c2C)OC1(C)C,True,0.0279400000000014,44.0,619.6240000000001,4.847543459204394,0.4873495836904517,0.4873495836904517,-8.1,1
366,CO[C@@H]1[C@@H](OC(=O)c2ccc(C)[nH]2)[C@@H](O)[C@H](Oc2ccc3c(O)c(CNC(=O)C(=O)NCC(CO)CO)c(=O)oc3c2C)OC1(C)C,True,-0.1080599999999984,47.0,661.6610000000002,4.673609291511688,0.4509379335042134,0.4509379335042134,-7.7,1
369,CO[C@@H]1[C@@H](OC(=O)c2ccc(C)[nH]2)[C@@H](O)[C@H](Oc2ccc3c(O)c(CNC(=O)c4ccc(Cl)cc4)c(=O)oc3c2C)OC1(C)C,True,4.142140000000003,45.0,641.0730000000001,4.31735407934009,0.5618762851661703,0.5618762851661703,-8.4,1
370,CO[C@@H]1[C@@H](OC(=O)c2ccc(C)[nH]2)[C@@H](O)[C@H](Oc2ccc3c(O)c(CN4CCOCC4)c(=O)oc3c2C)OC1(C)C,True,2.3909400000000005,41.0,572.6110000000003,4.390742346975523,0.5453231349991714,0.5453231349991714,-7.9,1
373,CO[C@@H]1[C@@H](OC(=O)c2ccc(C)[nH]2)[C@@H](O)[C@H](Oc2ccc3c(O)c(NC(=O)NC(=O)C(O)(F)F)c(=O)oc3c2C)OC1(C)C,True,1.79194,44.0,625.534,4.688053429371427,0.5004165153939042,0.5004165153939042,-9.3,1
375,CO[C@@H]1[C@@H](OC(=O)c2ccc(C)[nH]2)[C@@H](O)[C@H](Oc2ccc3c(O)c(C=CC(=O)NN)c(=O)oc3c2C)OC1(C)C,True,1.5618399999999997,40.0,557.5560000000002,4.563510079134812,0.5607368064217739,0.5607368064217739,-7.5,1
376,CO[C@@H]1[C@@H](OC(=O)c2ccc(C)[nH]2)[C@@H](O)[C@H](Oc2ccc3c(O)c(-c4cc(O)c(N)c(O)c4)c(=O)oc3c2C)OC1(C)C,True,3.219140000000002,43.0,596.5890000000002,4.609561285118678,0.670426501378268,0.670426501378268,-9.2,1
388,CO[C@@H]1[C@@H](OC(=O)c2ccc(C)[nH]2)[C@@H](O)[C@H](Oc2ccc3c(O)c(NC(=O)CN)c(=O)oc3c2C)OC1(C)C,True,1.4559399999999998,39.0,545.5450000000003,4.411281038903131,0.5961991091566656,0.5961991091566656,-7.0,1
389,CO[C@@H]1[C@@H](OC(=O)c2ccc(C)[nH]2)[C@@H](O)[C@H](Oc2ccc3c(O)c(C(N)c4cc(O)cc(C#N)c4)c(=O)oc3c2C)OC1(C)C,True,3.184120000000001,45.0,619.6270000000001,4.779389717364514,0.6321285420366237,0.6321285420366237,-9.7,1
390,CO[C@@H]1[C@@H](OC(=O)c2ccc(C)[nH]2)[C@@H](O)[C@H](Oc2ccc3c(O)c(CN4CC(O)(NC(=O)CN)C4)c(=O)oc3c2C)OC1(C)C,True,0.1378400000000013,45.0,630.6510000000002,4.818032649896979,0.4738523393250643,0.4738523393250643,-8.0,1
393,CO[C@@H]1[C@@H](OC(=O)c2ccc(C)[nH]2)[C@@H](O)[C@H](Oc2ccc3c(O)c(CNC(=O)Cc4ccc(N)nc4)c(=O)oc3c2C)OC1(C)C,True,2.3948400000000003,46.0,636.6580000000001,4.511728347815598,0.4716312743128602,0.4716312743128602,-8.6,1
399,CNC(=O)C(N)Cc1c(O)c2ccc(O[C@@H]3OC(C)(C)[C@H](OC)[C@@H](OC(=O)c4ccc(C)[nH]4)[C@H]3O)c(C)c2oc1=O,True,1.174540000000001,41.0,573.5990000000003,4.614420953769118,0.54256721908975,0.54256721908975,-7.8,1
404,CO[C@@H]1[C@@H](OC(=O)c2ccc(C)[nH]2)[C@@H](O)[C@H](Oc2ccc3c(O)c(NC(=O)c4cccc(N)c4O)c(=O)oc3c2C)OC1(C)C,True,3.098840000000001,45.0,623.6150000000001,4.480047204075308,0.6738035806317118,0.6738035806317118,-9.0,1
404,CO[C@@H]1[C@@H](OC(=O)c2ccc(C)[nH]2)[C@@H](O)[C@H](Oc2ccc3c(O)c(C(O)C(O)C(C)N)c(=O)oc3c2C)OC1(C)C,True,1.30024,41.0,576.5990000000002,4.946025120163448,0.5282425725896901,0.5282425725896901,-8.1,1
405,CO[C@@H]1[C@@H](OC(=O)c2ccc(C)[nH]2)[C@@H](O)[C@H](Oc2ccc3c(O)c(CC(=O)NNC(=O)CCCNC(C)=O)c(=O)oc3c2C)OC1(C)C,True,1.16494,48.0,672.6880000000002,4.542055361792865,0.4426459509092552,0.4426459509092552,-8.5,1
405,CO[C@@H]1[C@@H](OC(=O)c2ccc(C)[nH]2)[C@@H](O)[C@H](Oc2ccc3c(O)c(-c4cc(N)ccc4F)c(=O)oc3c2C)OC1(C)C,True,3.947040000000002,42.0,582.5810000000002,4.422181136049186,0.6213260816047782,0.6213260816047782,-8.9,1
405,CO[C@@H]1[C@@H](OC(=O)c2ccc(C)[nH]2)[C@@H](O)[C@H](Oc2ccc3c(O)c(COCC(=O)NNC(=O)CN)c(=O)oc3c2C)OC1(C)C,True,0.1814400000000022,45.0,632.6230000000002,4.606156397321086,0.4822069948990302,0.4822069948990302,-7.8,1
410,CO[C@@H]1[C@@H](OC(=O)c2ccc(C)[nH]2)[C@@H](O)[C@H](Oc2ccc3c(O)c(/C=N/NC(=O)c4cccc(N)c4)c(=O)oc3c2C)OC1(C)C,True,2.904840000000001,46.0,634.642,4.517324592515783,0.6573032715344681,0.6573032715344681,-9.2,1
411,CO[C@@H]1[C@@H](OC(=O)c2ccc(C)[nH]2)[C@@H](O)[C@H](Oc2ccc3c(O)c(-c4ccccc4N)c(=O)oc3c2C)OC1(C)C,True,3.807940000000002,41.0,564.5910000000002,4.357556710488119,0.6532943361447409,0.6532943361447409,-8.5,1
413,COC(=O)Cc1c(O)c2ccc(O[C@@H]3OC(C)(C)[C@H](OC)[C@@H](OC(=O)c4ccc(C)[nH]4)[C@H]3O)c(C)c2oc1=O,True,2.27424,39.0,545.5410000000003,4.372507889411113,0.5883690234137191,0.5883690234137191,-7.5,1
413,CO[C@@H]1[C@@H](OC(=O)c2ccc(C)[nH]2)[C@@H](O)[C@H](Oc2ccc3c(O)c(CNC(=O)C[C@H](O)CO)c(=O)oc3c2C)OC1(C)C,True,0.9182399999999992,43.0,604.6090000000002,4.64131875006036,0.5109863935963275,0.5109863935963275,-8.0,1
417,CO[C@@H]1[C@@H](OC(=O)c2ccc(C)[nH]2)[C@@H](O)[C@H](Oc2ccc3c(O)c(CNC(=O)C(N)CO)c(=O)oc3c2C)OC1(C)C,True,0.4945400000000011,42.0,589.5980000000002,4.593167219733507,0.5248848058514417,0.5248848058514417,-7.8,1
418,CO[C@@H]1[C@@H](OC(=O)c2ccc(C)[nH]2)[C@@H](O)[C@H](Oc2ccc3c(O)c(CC(=O)NNC(=O)C(C)N)c(=O)oc3c2C)OC1(C)C,True,0.595840000000001,44.0,616.6240000000001,4.649713709114689,0.4958403750177975,0.4958403750177975,-8.1,1
420,CO[C@@H]1[C@@H](OC(=O)c2ccc(C)[nH]2)[C@@H](O)[C@H](Oc2ccc3c(O)c(CCNS(=O)(=O)c4cccc(N)c4)c(=O)oc3c2C)OC1(C)C,True,2.6619400000000004,47.0,671.725,4.515587964364997,0.6305606673893366,0.6305606673893366,-9.1,1
427,CO[C@@H]1[C@@H](OC(=O)c2ccc(C)[nH]2)[C@@H](O)[C@H](Oc2ccc3c(O)c(CC(=O)NNC(=O)c4ccccc4N)c(=O)oc3c2C)OC1(C)C,True,2.144639999999999,48.0,664.668,4.487424726016428,0.451761442870133,0.451761442870133,-8.9,1
440,CO[C@@H]1[C@@H](OC(=O)c2ccc(C)[nH]2)[C@@H](O)[C@H](Oc2ccc3c(O)c(C(=O)C(O)CN)c(=O)oc3c2C)OC1(C)C,True,1.0610399999999998,40.0,560.5560000000003,4.6995088827660325,0.5527387437406919,0.5527387437406919,-7.4,1
441,CO[C@@H]1[C@@H](OC(=O)c2ccc(C)[nH]2)[C@@H](O)[C@H](Oc2ccc3c(O)c(NC(=O)C(=O)NCCNC(=O)C(F)F)c(=O)oc3c2C)OC1(C)C,True,0.9947400000000006,48.0,680.6140000000001,4.650527415634502,0.4495702378483862,0.4495702378483862,-8.7,1
441,CO[C@@H]1[C@@H](OC(=O)c2ccc(C)[nH]2)[C@@H](O)[C@H](Oc2ccc3c(O)c(NC(=O)c4ccc(F)c(N)c4)c(=O)oc3c2C)OC1(C)C,True,3.5323400000000014,45.0,625.6060000000001,4.421610806326715,0.6464604289503475,0.6464604289503475,-9.4,1
443,CO[C@@H]1[C@@H](OC(=O)c2ccc(C)[nH]2)[C@@H](O)[C@H](Oc2ccc3c(O)c(NC(=O)c4ccc(N)cc4O)c(=O)oc3c2C)OC1(C)C,True,3.098840000000001,45.0,623.6150000000001,4.468133883249791,0.6761735842523957,0.6761735842523957,-8.9,1
444,CO[C@@H]1[C@@H](OC(=O)c2ccc(C)[nH]2)[C@@H](O)[C@H](Oc2ccc3c(O)c(-c4ccc(C#N)c(N)c4O)c(=O)oc3c2C)OC1(C)C,True,3.385220000000001,44.0,605.6000000000001,4.664366023895546,0.633490769007334,0.633490769007334,-9.5,1
449,CO[C@@H]1[C@@H](OC(=O)c2ccc(C)[nH]2)[C@@H](O)[C@H](Oc2ccc3c(O)c(CNC(=O)CCNC(C)=O)c(=O)oc3c2C)OC1(C)C,True,1.7011399999999994,44.0,615.6360000000002,4.431301793126316,0.507973245471428,0.507973245471428,-7.8,1
452,CO[C@@H]1[C@@H](OC(=O)c2ccc(C)[nH]2)[C@@H](O)[C@H](Oc2ccc3c(O)c(-c4ccc(CO)c(N)c4O)c(=O)oc3c2C)OC1(C)C,True,3.005840000000001,44.0,610.6160000000001,4.650377946972469,0.6660097003872453,0.6660097003872453,-9.5,1
452,CO[C@@H]1[C@@H](OC(=O)c2ccc(C)[nH]2)[C@@H](O)[C@H](Oc2ccc3c(O)c(CC(=O)NNC(=O)CN)c(=O)oc3c2C)OC1(C)C,True,0.2073400000000014,43.0,602.5970000000002,4.522786137189683,0.5172664134513153,0.5172664134513153,-7.1,1
457,CO[C@@H]1[C@@H](OC(=O)c2ccc(C)[nH]2)[C@@H](O)[C@H](Oc2ccc3c(O)c(CC(=O)NCCNC(C)=O)c(=O)oc3c2C)OC1(C)C,True,1.35354,44.0,615.6360000000002,4.445600254664778,0.5081555518866849,0.5081555518866849,-8.3,1
460,CO[C@@H]1[C@@H](OC(=O)c2ccc(C)[nH]2)[C@@H](O)[C@H](Oc2ccc3c(O)c(C(O)(O)CN)c(=O)oc3c2C)OC1(C)C,True,0.6548399999999994,39.0,548.5450000000003,4.709066089701389,0.5668590778953607,0.5668590778953607,-7.2,1
464,CO[C@@H]1[C@@H](OC(=O)c2ccc(C)[nH]2)[C@@H](O)[C@H](Oc2ccc3c(O)c(CN(C)CC(=O)NN)c(=O)oc3c2C)OC1(C)C,True,0.9804400000000004,42.0,588.6140000000003,4.532837316299144,0.5260336873047768,0.5260336873047768,-7.4,1
464,CO[C@@H]1[C@@H](OC(=O)c2ccc(C)[nH]2)[C@@H](O)[C@H](Oc2ccc3c(O)c(CNC(=O)CN)c(=O)oc3c2C)OC1(C)C,True,1.13364,40.0,559.5720000000002,4.4282712647382,0.5617559065118135,0.5617559065118135,-7.5,1
466,CO[C@@H]1[C@@H](OC(=O)c2ccc(C)[nH]2)[C@@H](O)[C@H](Oc2ccc3c(O)c(-c4ccc(CN)c(CN)n4)c(=O)oc3c2C)OC1(C)C,True,2.5381400000000003,44.0,608.6480000000003,4.642648770240111,0.5007935151811403,0.5007935151811403,-8.8,1
466,CO[C@@H]1[C@@H](OC(=O)c2ccc(C)[nH]2)[C@@H](O)[C@H](Oc2ccc3c(O)c(-c4ccc(CN)c(N)c4)c(=O)oc3c2C)OC1(C)C,True,3.266640000000001,43.0,593.6330000000003,4.5128775422644,0.6654758376830003,0.6654758376830003,-9.1,1
466,CO[C@@H]1[C@@H](OC(=O)c2ccc(C)[nH]2)[C@@H](O)[C@H](Oc2ccc3c(O)c(Cc4ccc(CN)cc4)c(=O)oc3c2C)OC1(C)C,True,3.608240000000002,43.0,592.6450000000002,4.353445756303601,0.6439365243212115,0.429291016214141,-8.4,1
469,CO[C@@H]1[C@@H](OC(=O)c2ccc(C)[nH]2)[C@@H](O)[C@H](Oc2ccc3c(O)c(C(N)(CO)C(=O)NCC(N)=O)c(=O)oc3c2C)OC1(C)C,True,-0.6934599999999975,45.0,632.6230000000002,4.948900597615083,0.4753709634920274,0.4753709634920274,-8.0,1
469,CO[C@@H]1[C@@H](OC(=O)c2ccc(C)[nH]2)[C@@H](O)[C@H](Oc2ccc3c(O)c(C4CNC(=O)CC4NC(=O)CN)c(=O)oc3c2C)OC1(C)C,True,0.6057400000000019,46.0,642.6620000000001,5.023726351356585,0.4543382699648776,0.4543382699648776,-8.9,1
470,CO[C@@H]1[C@@H](OC(=O)c2ccc(C)[nH]2)[C@@H](O)[C@H](Oc2ccc3c(O)c(CN)c(=O)oc3c2C)OC1(C)C,True,2.01744,36.0,502.5200000000004,4.381992657068277,0.6247931218428562,0.4165287478952374,-6.5,1
471,CNC(=O)CCNCc1c(O)c2ccc(O[C@@H]3OC(C)(C)[C@H](OC)[C@@H](OC(=O)c4ccc(C)[nH]4)[C@H]3O)c(C)c2oc1=O,True,1.7844399999999996,42.0,587.6260000000002,4.457335918657883,0.5298461363515349,0.5298461363515349,-7.9,1
472,CO[C@@H]1[C@@H](OC(=O)c2ccc(C)[nH]2)[C@@H](O)[C@H](Oc2ccc3c(O)c(CC(=O)NNC(=O)CCCCN)c(=O)oc3c2C)OC1(C)C,True,1.3776400000000006,46.0,644.6780000000002,4.515699620637266,0.470040147371801,0.470040147371801,-8.5,1
477,CO[C@@H]1[C@@H](OC(=O)c2ccc(C)[nH]2)[C@@H](O)[C@H](Oc2ccc3c(O)c(CNC(=O)C(C)CN)c(=O)oc3c2C)OC1(C)C,True,1.7697399999999996,42.0,587.6260000000002,4.617380984915693,0.5251283381280762,0.5251283381280762,-7.9,1
499,CO[C@@H]1[C@@H](OC(=O)c2ccc(C)[nH]2)[C@@H](O)[C@H](Oc2ccc3c(O)c(CNC(=O)c4ccc(N)c(N)c4)c(=O)oc3c2C)OC1(C)C,True,2.6531400000000005,46.0,636.6580000000001,4.484312807450452,0.6857897172292475,0.6857897172292475,-8.7,1
500,CO[C@@H]1[C@@H](OC(=O)c2ccc(C)[nH]2)[C@@H](O)[C@H](Oc2ccc3c(O)c(-c4ccc(NC(=O)CN)cc4)c(=O)oc3c2C)OC1(C)C,True,3.1229400000000016,45.0,621.6430000000001,4.378097379588228,0.6544713051399269,0.6544713051399269,-8.9,1
501,CO[C@@H]1[C@@H](OC(=O)c2ccc(C)[nH]2)[C@@H](O)[C@H](Oc2ccc3c(O)c(CCNC(=O)C(C)N)c(=O)oc3c2C)OC1(C)C,True,1.5646399999999994,42.0,587.6260000000002,4.58224333309383,0.5259091748352288,0.5259091748352288,-7.8,1
516,CO[C@@H]1[C@@H](OC(=O)c2ccc(C)[nH]2)[C@@H](O)[C@H](Oc2ccc3c(O)c(CNC(=O)c4cc(N)cc(N)c4)c(=O)oc3c2C)OC1(C)C,True,2.6531400000000005,46.0,636.6580000000001,4.526142477780123,0.6795928422670261,0.6795928422670261,-8.8,1
517,CO[C@@H]1[C@@H](OC(=O)c2ccc(C)[nH]2)[C@@H](O)[C@H](Oc2ccc3c(O)c(CC(=O)NCC(=O)NCC(=O)N(C)C)c(=O)oc3c2C)OC1(C)C,True,0.4218400000000026,48.0,672.6880000000001,4.550768007350479,0.4416647907759848,0.4416647907759848,-8.4,1
517,CO[C@@H]1[C@@H](OC(=O)c2ccc(C)[nH]2)[C@@H](O)[C@H](Oc2ccc3c(O)c(CC(=O)N(C)CO)c(=O)oc3c2C)OC1(C)C,True,1.5094399999999994,41.0,574.5830000000003,4.585155444688623,0.5426970851997411,0.5426970851997411,-7.7,1
517,CO[C@@H]1[C@@H](OC(=O)c2ccc(C)[nH]2)[C@@H](O)[C@H](Oc2ccc3c(O)c(-c4cc(CC(N)=O)ccc4N)c(=O)oc3c2C)OC1(C)C,True,2.8357400000000013,45.0,621.6430000000001,4.524514746289191,0.6702117114653625,0.6702117114653625,-8.8,1
517,CO[C@@H]1[C@@H](OC(=O)c2ccc(C)[nH]2)[C@@H](O)[C@H](Oc2ccc3c(O)c(CC(=O)NCCCN)c(=O)oc3c2C)OC1(C)C,True,1.56624,42.0,587.6260000000003,4.426690166149522,0.5305271530739428,0.5305271530739428,-7.3,1
517,CO[C@@H]1[C@@H](OC(=O)c2ccc(C)[nH]2)[C@@H](O)[C@H](Oc2ccc3c(O)c(C4CC(c5ccc(N)cc5)CCO4)c(=O)oc3c2C)OC1(C)C,True,4.776240000000004,47.0,648.7090000000002,4.87186625642906,0.4686663080577532,0.4686663080577532,-10.2,1
523,CO[C@@H]1[C@@H](OC(=O)c2ccc(C)[nH]2)[C@@H](O)[C@H](Oc2ccc3c(O)c(CC(O)CO)c(=O)oc3c2C)OC1(C)C,True,1.4544399999999995,39.0,547.5570000000002,4.596395129947302,0.5703362760157855,0.5703362760157855,-6.9,1
525,CO[C@@H]1[C@@H](OC(=O)c2ccc(C)[nH]2)[C@@H](O)[C@H](Oc2ccc3c(O)c(C(=O)NCCNC(=O)C(C)CN)c(=O)oc3c2C)OC1(C)C,True,0.9995400000000012,46.0,644.6780000000002,4.654265389890021,0.4677484538426188,0.4677484538426188,-8.4,1
536,CO[C@@H]1[C@@H](OC(=O)c2ccc(C)[nH]2)[C@@H](O)[C@H](Oc2ccc3c(O)c(-c4c(N)cc(C#N)cc4F)c(=O)oc3c2C)OC1(C)C,True,3.8187200000000017,44.0,607.5910000000001,4.617496793126316,0.5982961113281527,0.5982961113281527,-9.3,1
545,CO[C@@H]1[C@@H](OC(=O)c2ccc(C)[nH]2)[C@@H](O)[C@H](Oc2ccc3c(O)c(CC(=O)NCc4ccc(CN)cc4)c(=O)oc3c2C)OC1(C)C,True,2.876340000000001,47.0,649.6970000000002,4.412240338109321,0.6417798400540964,0.6417798400540964,-8.9,1
549,CO[C@@H]1[C@@H](OC(=O)c2ccc(C)[nH]2)[C@@H](O)[C@H](Oc2ccc3c(O)c(-c4ccc(S(N)(=O)=O)c(N)c4)c(=O)oc3c2C)OC1(C)C,True,2.4553400000000005,45.0,643.6710000000002,4.542835802482099,0.4704292393351835,0.4704292393351835,-8.9,1
557,CO[C@@H]1[C@@H](OC(=O)c2ccc(C)[nH]2)[C@@H](O)[C@H](Oc2ccc3c(O)c(OCCN4CCOCC4)c(=O)oc3c2C)OC1(C)C,True,2.26974,43.0,602.6370000000003,4.41103501292933,0.5107637539546079,0.5107637539546079,-8.0,1
561,CO[C@@H]1[C@@H](OC(=O)c2ccc(C)[nH]2)[C@@H](O)[C@H](Oc2ccc3c(O)c(OCCNC(=O)CN)c(=O)oc3c2C)OC1(C)C,True,1.0124400000000002,42.0,589.5980000000003,4.447526821667918,0.5269600179462807,0.5269600179462807,-7.2,1
573,CO[C@@H]1[C@@H](OC(=O)c2ccc(C)[nH]2)[C@@H](O)[C@H](Oc2ccc3c(O)c(Cc4nc(C)nc(N)n4)c(=O)oc3c2C)OC1(C)C,True,2.225159999999999,43.0,595.6090000000003,4.587760593111858,0.5159797968536929,0.5159797968536929,-8.3,1
575,CO[C@@H]1[C@@H](OC(=O)c2ccc(C)[nH]2)[C@@H](O)[C@H](Oc2ccc3c(O)c(C4CC(NC(C)=O)C4)c(=O)oc3c2C)OC1(C)C,True,2.940840000000001,42.0,584.6220000000003,4.541776587554204,0.7037165160855632,0.7037165160855632,-8.7,1
577,CO[C@@H]1[C@@H](OC(=O)c2ccc(C)[nH]2)[C@@H](O)[C@H](Oc2ccc3c(O)c(OCCCS(N)(=O)=O)c(=O)oc3c2C)OC1(C)C,True,1.61614,42.0,610.6380000000001,4.497887923586594,0.5074572955748524,0.5074572955748524,-7.8,1
581,CO[C@@H]1[C@@H](OC(=O)c2ccc(C)[nH]2)[C@@H](O)[C@H](Oc2ccc3c(O)c(C(O)(O)C(O)CN)c(=O)oc3c2C)OC1(C)C,True,0.0157399999999989,41.0,578.5710000000003,4.905035960384124,0.52802246685227,0.52802246685227,-6.6,1
581,CO[C@@H]1[C@@H](OC(=O)c2ccc(C)[nH]2)[C@@H](O)[C@H](Oc2ccc3c(O)c(C(O)[C@@H](N)CO)c(=O)oc3c2C)OC1(C)C,True,0.91174,40.0,562.5720000000002,4.808144181228934,0.5483384191005202,0.5483384191005202,-7.3,1
598,CO[C@@H]1[C@@H](OC(=O)c2ccc(C)[nH]2)[C@@H](O)[C@H](Oc2ccc3c(O)c(C#CC(O)CN)c(=O)oc3c2C)OC1(C)C,True,1.22984,40.0,556.5680000000002,4.877930265969985,0.5491378257647546,0.5491378257647546,-7.7,1
617,CO[C@@H]1[C@@H](OC(=O)c2ccc(C)[nH]2)[C@@H](O)[C@H](Oc2ccc3c(O)c(CC(=O)NCc4ccc(N)cc4O)c(=O)oc3c2C)OC1(C)C,True,2.7054400000000003,47.0,651.6690000000002,4.536788679928503,0.6535996063543937,0.6535996063543937,-8.9,1
634,CO[C@@H]1[C@@H](OC(=O)c2ccc(C)[nH]2)[C@@H](O)[C@H](Oc2ccc3c(O)c(C(C)OC(=O)c4cnc(N)nc4O)c(=O)oc3c2C)OC1(C)C,True,2.5545400000000003,47.0,654.6290000000001,4.879318781231476,0.4421208156591542,0.4421208156591542,-9.4,1
675,CO[C@@H]1[C@@H](OC(=O)c2ccc(C)[nH]2)[C@@H](O)[C@H](Oc2ccc3c(O)c(C(O)C(=O)N(C)CC(O)CN)c(=O)oc3c2C)OC1(C)C,True,0.3701400000000003,45.0,633.6510000000002,4.964625268826449,0.4657699016679409,0.4657699016679409,-8.7,1
677,CO[C@@H]1[C@@H](OC(=O)c2ccc(C)[nH]2)[C@@H](O)[C@H](Oc2ccc3c(O)c(C(O)C(CO)NC(=O)C(C)N)c(=O)oc3c2C)OC1(C)C,True,0.416440000000001,45.0,633.6510000000001,4.962953724336558,0.4687518540134109,0.4687518540134109,-8.5,1
686,CO[C@@H]1[C@@H](OC(=O)c2ccc(C)[nH]2)[C@@H](O)[C@H](Oc2ccc3c(O)c(-c4nccc(N)n4)c(=O)oc3c2C)OC1(C)C,True,2.5979400000000004,41.0,566.5670000000002,4.528075158411877,0.7439890874060686,0.7439890874060686,-8.1,1
686,CO[C@@H]1[C@@H](OC(=O)c2ccc(C)[nH]2)[C@@H](O)[C@H](Oc2ccc3c(O)c(-c4ncc(Cl)c(N)n4)c(=O)oc3c2C)OC1(C)C,True,3.2513400000000017,42.0,601.0120000000002,4.594652440397014,0.6523054045308021,0.6523054045308021,-9.1,1
687,CO[C@@H]1[C@@H](OC(=O)c2ccc(C)[nH]2)[C@@H](O)[C@H](Oc2ccc3c(O)c(Cc4ccc(CN)cn4)c(=O)oc3c2C)OC1(C)C,True,3.003240000000001,43.0,593.6330000000003,4.506086221720537,0.6816325622884399,0.6816325622884399,-8.3,1
710,CO[C@@H]1[C@@H](OC(=O)c2ccc(C)[nH]2)[C@@H](O)[C@H](Oc2ccc3c(O)c(C4(O)CC(N)C4O)c(=O)oc3c2C)OC1(C)C,True,0.8382399999999999,41.0,574.5830000000002,5.0842833208816485,0.5271563750258373,0.5271563750258373,-7.4,1
771,CO[C@@H]1[C@@H](OC(=O)c2ccc(C)[nH]2)[C@@H](O)[C@H](Oc2ccc3c(O)c(COC(=O)c4cc(O)c(N)nc4F)c(=O)oc3c2C)OC1(C)C,True,2.7376400000000007,47.0,657.6040000000002,4.757241142473227,0.6350608994673167,0.6350608994673167,-9.5,1
783,CO[C@@H]1[C@@H](OC(=O)c2ccc(C)[nH]2)[C@@H](O)[C@H](Oc2ccc3c(O)c(C(O)C(N)C(O)CO)c(=O)oc3c2C)OC1(C)C,True,0.2726399999999993,42.0,592.5980000000002,5.003685807923266,0.5151986623964505,0.5151986623964505,-7.4,1
805,CO[C@@H]1[C@@H](OC(=O)c2ccc(C)[nH]2)[C@@H](O)[C@H](Oc2ccc3c(O)c(Cn4cc(N)nn4)c(=O)oc3c2C)OC1(C)C,True,1.780739999999999,41.0,569.5710000000003,4.632329344933319,0.538423442033775,0.538423442033775,-8.0,1
816,CO[C@@H]1[C@@H](OC(=O)c2ccc(C)[nH]2)[C@@H](O)[C@H](Oc2ccc3c(O)c(-c4cnc(CO)nc4N)c(=O)oc3c2C)OC1(C)C,True,2.09024,43.0,596.5930000000002,4.643013787375221,0.5104851827650854,0.5104851827650854,-8.3,1
820,CO[C@@H]1[C@@H](OC(=O)c2ccc(C)[nH]2)[C@@H](O)[C@H](Oc2ccc3c(O)c(Cc4nccc(N)n4)c(=O)oc3c2C)OC1(C)C,True,2.5217400000000003,42.0,580.5940000000003,4.55725046023325,0.529231763171609,0.529231763171609,-8.1,1
823,CO[C@@H]1[C@@H](OC(=O)c2ccc(C)[nH]2)[C@@H](O)[C@H](Oc2ccc3c(O)c(NC(=O)C(C)O)c(=O)oc3c2C)OC1(C)C,True,1.87804,40.0,560.5560000000002,4.55875631866347,0.5744394035229646,0.5744394035229646,-8.2,1
826,CO[C@@H]1[C@@H](OC(=O)c2ccc(C)[nH]2)[C@@H](O)[C@H](Oc2ccc3c(O)c(C(N)(CO)C(=O)NCCO)c(=O)oc3c2C)OC1(C)C,True,-0.1864599999999991,44.0,619.6240000000001,4.920283844861295,0.4888137878827246,0.4888137878827246,-7.4,1
831,CO[C@@H]1[C@@H](OC(=O)c2ccc(C)[nH]2)[C@@H](O)[C@H](Oc2ccc3c(O)c(CS(=O)(=O)CCNC(=O)CN)c(=O)oc3c2C)OC1(C)C,True,0.5484400000000011,45.0,651.6910000000003,4.62527716439887,0.4574067305189467,0.4574067305189467,-8.1,1
859,CO[C@@H]1[C@@H](OC(=O)c2ccc(C)[nH]2)[C@@H](O)[C@H](Oc2ccc3c(O)c(CCNC(=O)c4nccc(N)n4)c(=O)oc3c2C)OC1(C)C,True,1.90344,46.0,637.6460000000002,4.641570382945823,0.4695906785578142,0.4695906785578142,-8.8,1
864,CO[C@@H]1[C@@H](OC(=O)c2ccc(C)[nH]2)[C@@H](O)[C@H](Oc2ccc3c(O)c(COC(=O)c4nc(N)c(O)nc4O)c(=O)oc3c2C)OC1(C)C,True,1.6991399999999994,47.0,656.6010000000002,4.874376358819379,0.4462226100225386,0.4462226100225386,-9.3,1
864,CO[C@@H]1[C@@H](OC(=O)c2ccc(C)[nH]2)[C@@H](O)[C@H](Oc2ccc3c(O)c(OCc4cnc(N)nc4O)c(=O)oc3c2C)OC1(C)C,True,2.21554,44.0,612.5920000000001,4.649134720653334,0.4945866004492171,0.4945866004492171,-8.7,1
868,CO[C@@H]1[C@@H](OC(=O)c2ccc(C)[nH]2)[C@@H](O)[C@H](Oc2ccc3c(O)c(Cn4cc(F)c(N)nc4=O)c(=O)oc3c2C)OC1(C)C,True,1.88504,44.0,614.5830000000001,4.650413716203239,0.4894807979206609,0.4894807979206609,-8.8,1
869,CO[C@@H]1[C@@H](OC(=O)c2ccc(C)[nH]2)[C@@H](O)[C@H](Oc2ccc3c(O)c(CO)c(=O)oc3c2C)OC1(C)C,True,2.0510399999999995,36.0,503.5040000000004,4.368900977319454,0.6269504637350336,0.6269504637350336,-7.4,1
872,CO[C@@H]1[C@@H](OC(=O)c2ccc(C)[nH]2)[C@@H](O)[C@H](Oc2ccc3c(O)c(CNS(=O)(=O)c4cnc(Cl)c(N)n4)c(=O)oc3c2C)OC1(C)C,True,2.06284,47.0,694.1189999999999,4.819613738627073,0.4221372385568253,0.4221372385568253,-9.8,1
872,CO[C@@H]1[C@@H](OC(=O)c2ccc(C)[nH]2)[C@@H](O)[C@H](Oc2ccc3c(O)c(-c4cnc(C)c(N)n4)c(=O)oc3c2C)OC1(C)C,True,2.906360000000001,42.0,580.5940000000003,4.593090835045842,0.6995657904442651,0.6995657904442651,-8.9,1
876,CO[C@@H]1[C@@H](OC(=O)c2ccc(C)[nH]2)[C@@H](O)[C@H](Oc2ccc3c(O)c(Cc4ccc(CN)nc4)c(=O)oc3c2C)OC1(C)C,True,3.0032400000000017,43.0,593.6330000000003,4.502141813187894,0.6817202158113874,0.6817202158113874,-8.3,1
878,CO[C@@H]1[C@@H](OC(=O)c2ccc(C)[nH]2)[C@@H](O)[C@H](Oc2ccc3c(O)c(CNS(=O)(=O)c4ccncc4N)c(=O)oc3c2C)OC1(C)C,True,2.01444,46.0,658.686,4.615122697560343,0.4466319780429422,0.4466319780429422,-8.9,1
884,CO[C@@H]1[C@@H](OC(=O)c2ccc(C)[nH]2)[C@@H](O)[C@H](Oc2ccc3c(O)c(CCc4cnc(N)nc4O)c(=O)oc3c2C)OC1(C)C,True,2.42174,44.0,610.6200000000001,4.692318700310041,0.495569813599703,0.495569813599703,-9.0,1
888,CO[C@@H]1[C@@H](OC(=O)c2ccc(C)[nH]2)[C@@H](O)[C@H](Oc2ccc3c(O)c(CCNC(=O)c4nc(C)nc(N)n4)c(=O)oc3c2C)OC1(C)C,True,1.6068599999999995,47.0,652.6610000000002,4.68497687313065,0.4559205285263065,0.4559205285263065,-8.9,1
895,CO[C@@H]1[C@@H](OC(=O)c2ccc(C)[nH]2)[C@@H](O)[C@H](Oc2ccc3c(O)c(-c4nnc(N)nc4O)c(=O)oc3c2C)OC1(C)C,True,1.6985399999999995,42.0,583.5540000000002,4.6805298985909936,0.5238533564497592,0.5238533564497592,-8.8,1
899,CO[C@@H]1[C@@H](OC(=O)c2ccc(C)[nH]2)[C@@H](O)[C@H](Oc2ccc3c(O)c(COC(=O)c4nccnc4N)c(=O)oc3c2C)OC1(C)C,True,2.28794,45.0,624.6030000000002,4.573101473881033,0.4855208977342253,0.4855208977342253,-8.9,1
903,CO[C@@H]1[C@@H](OC(=O)c2ccc(C)[nH]2)[C@@H](O)[C@H](Oc2ccc3c(O)c(-c4cncc(N)c4)c(=O)oc3c2C)OC1(C)C,True,3.2029400000000017,41.0,565.5790000000002,4.490930706403708,0.696800064436683,0.696800064436683,-8.8,1
905,CO[C@@H]1[C@@H](OC(=O)c2ccc(C)[nH]2)[C@@H](O)[C@H](Oc2ccc3c(O)c(C4(N)COC4)c(=O)oc3c2C)OC1(C)C,True,1.74294,39.0,544.5570000000004,4.638522548337093,0.56905259924643,0.56905259924643,-7.6,1
907,CO[C@@H]1[C@@H](OC(=O)c2ccc(C)[nH]2)[C@@H](O)[C@H](Oc2ccc3c(O)c(COc4nccc(CN)n4)c(=O)oc3c2C)OC1(C)C,True,2.3864400000000003,44.0,610.6200000000001,4.635763577489493,0.4957685796472953,0.4957685796472953,-8.7,1
915,CO[C@@H]1[C@@H](OC(=O)c2ccc(C)[nH]2)[C@@H](O)[C@H](Oc2ccc3c(O)c(-c4cnc(CCO)nc4N)c(=O)oc3c2C)OC1(C)C,True,2.13274,44.0,610.6200000000001,4.644542603679399,0.4945350685772393,0.4945350685772393,-8.6,1
920,CO[C@@H]1[C@@H](OC(=O)c2ccc(C)[nH]2)[C@@H](O)[C@H](Oc2ccc3c(O)c(CCNC(=O)c4ccc(N)cc4O)c(=O)oc3c2C)OC1(C)C,True,2.819040000000001,47.0,651.6690000000002,4.521883134311329,0.6466372220394022,0.6466372220394022,-9.2,1
933,CO[C@@H]1[C@@H](OC(=O)c2ccc(C)[nH]2)[C@@H](O)[C@H](Oc2ccc3c(O)c(-c4nccc(CN)n4)c(=O)oc3c2C)OC1(C)C,True,2.4744400000000004,42.0,580.5940000000003,4.563092104795583,0.5321239268699796,0.5321239268699796,-8.3,1
948,CO[C@@H]1[C@@H](OC(=O)c2ccc(C)[nH]2)[C@@H](O)[C@H](Oc2ccc3c(O)c(-c4ncc(CO)cc4N)c(=O)oc3c2C)OC1(C)C,True,2.695240000000001,43.0,595.6050000000002,4.621590971208337,0.7039669660945653,0.7039669660945653,-8.8,1
948,CO[C@@H]1[C@@H](OC(=O)c2ccc(C)[nH]2)[C@@H](O)[C@H](Oc2ccc3c(O)c(OCCN)c(=O)oc3c2C)OC1(C)C,True,1.89624,38.0,532.5460000000004,4.399392363423086,0.5895032778334554,0.5895032778334554,-7.9,1
957,CO[C@@H]1[C@@H](OC(=O)c2ccc(C)[nH]2)[C@@H](O)[C@H](Oc2ccc3c(O)c(C(N)CCNC(=O)c4nnc(C)o4)c(=O)oc3c2C)OC1(C)C,True,2.07006,47.0,655.6610000000001,4.85882532472432,0.4491015645773723,0.4491015645773723,-9.6,1
989,CO[C@@H]1[C@@H](OC(=O)c2ccc(C)[nH]2)[C@@H](O)[C@H](Oc2ccc3c(O)c(O[C@@H]4[C@@H](O)[C@H](O)[C@H](CN)[C@@H]4O)c(=O)oc3c2C)OC1(C)C,True,-0.0226599999999992,45.0,634.6350000000001,5.244747952846602,0.4664259622958006,0.4664259622958006,-8.3,1
995,CO[C@@H]1[C@@H](OC(=O)c2ccc(C)[nH]2)[C@@H](O)[C@H](Oc2ccc3c(O)c(C4(O)CC(N)C4)c(=O)oc3c2C)OC1(C)C,True,1.8674399999999995,40.0,558.5840000000003,4.669174593366758,0.553335494183331,0.368890329455554,-8.1,1
997,CO[C@@H]1[C@@H](OC(=O)c2ccc(C)[nH]2)[C@@H](O)[C@H](Oc2ccc3c(O)c(COC(=O)NCCO)c(=O)oc3c2C)OC1(C)C,True,1.7772399999999997,42.0,590.5820000000002,4.470938861801696,0.5278157695258467,0.5278157695258467,-7.6,1
0,COc1ccc(NC(=O)Nc2c(O)c3ccc(O[C@@H]4OC(C)(C)[C@H](OC)[C@@H](OC(=O)c5ccc(C)[nH]5)[C@H]4O)c(C)c3oc2=O)c(C)c1,True,4.519760000000002,47.0,651.6690000000002,4.395905674561776,0.521821837782696,0.521821837782696,-9.3,1
5,CO[C@@H]1[C@@H](OC(=O)c2ccc(C)[nH]2)[C@@H](O)[C@H](Oc2ccc3c(O)c(NC4=C(CO)C(=O)NC4=O)c(=O)oc3c2C)OC1(C)C,True,0.8734399999999996,44.0,613.5760000000001,4.793811408510932,0.5091533205299783,0.5091533205299783,-8.2,1
23,CO[C@@H]1[C@@H](OC(=O)c2ccc(C)[nH]2)[C@@H](O)[C@H](Oc2ccc3c(O)c(NCc4ccc(-c5ccccc5)cc4)c(=O)oc3c2C)OC1(C)C,True,5.837840000000005,48.0,654.7160000000001,4.331384772636475,0.4749386854028237,0.4749386854028237,-9.5,1
27,CO[C@@H]1[C@@H](OC(=O)c2ccc(C)[nH]2)[C@@H](O)[C@H](Oc2ccc3c(O)c(NCc4ccc(C)c(=O)[nH]4)c(=O)oc3c2C)OC1(C)C,True,3.1675600000000017,44.0,609.6320000000001,4.615633894207053,0.6651375598394831,0.6651375598394831,-9.3,1
30,CO[C@@H]1[C@@H](OC(=O)c2ccc(C)[nH]2)[C@@H](O)[C@H](Oc2ccc3c(O)c(Nc4cc(=O)n5c(c4C)C(=O)N5)c(=O)oc3c2C)OC1(C)C,True,2.469760000000001,46.0,636.6140000000001,4.922809510747156,0.4759022408636234,0.4759022408636234,-9.4,1
30,CO[C@@H]1[C@@H](OC(=O)c2ccc(C)[nH]2)[C@@H](O)[C@H](Oc2ccc3c(O)c(-c4ccc5nc(N)c(=O)[nH]c5c4O)c(=O)oc3c2C)OC1(C)C,True,2.750040000000001,47.0,648.6250000000001,4.753687069910614,0.6374265801377648,0.6374265801377648,-9.6,1
35,CO[C@@H]1[C@@H](OC(=O)c2ccc(C)[nH]2)[C@@H](O)[C@H](Oc2ccc3c(O)c(-c4ccc(O)c(N)c4)c(=O)oc3c2C)OC1(C)C,True,3.5135400000000008,42.0,580.5900000000003,4.447470233039153,0.6667104460226151,0.6667104460226151,-9.0,1
37,CO[C@@H]1[C@@H](OC(=O)c2ccc(C)[nH]2)[C@@H](O)[C@H](Oc2ccc3c(O)c(C4(N)CNC4=O)c(=O)oc3c2C)OC1(C)C,True,0.8425400000000003,40.0,557.5560000000003,4.8805178453630695,0.5484598661621559,0.5484598661621559,-7.8,1
42,CO[C@@H]1[C@@H](OC(=O)c2ccc(C)[nH]2)[C@@H](O)[C@H](Oc2ccc3c(O)c(NCCN)c(=O)oc3c2C)OC1(C)C,True,1.92934,38.0,531.5620000000004,4.457813813127228,0.6016333540834363,0.6016333540834363,-6.9,1
42,CO[C@@H]1[C@@H](OC(=O)c2ccc(C)[nH]2)[C@@H](O)[C@H](Oc2ccc3c(O)c(C4CCC(N)C4)c(=O)oc3c2C)OC1(C)C,True,3.1535400000000013,40.0,556.6120000000003,4.734013528548281,0.7034173310479893,0.7034173310479893,-8.3,1
43,CO[C@@H]1[C@@H](OC(=O)c2ccc(C)[nH]2)[C@@H](O)[C@H](Oc2ccc3c(O)c(NC(=O)NCc4ccccc4)c(=O)oc3c2C)OC1(C)C,True,3.8804400000000014,45.0,621.643,4.313165090754482,0.6090920592789477,0.6090920592789477,-8.2,1
43,CO[C@@H]1[C@@H](OC(=O)c2ccc(C)[nH]2)[C@@H](O)[C@H](Oc2ccc3c(O)c(NC(=O)NCC(=O)N4CCCCC4)c(=O)oc3c2C)OC1(C)C,True,2.692740000000001,47.0,656.6890000000002,4.47710637361228,0.6591637469070026,0.6591637469070026,-8.7,1
48,CO[C@@H]1[C@@H](OC(=O)c2ccc(C)[nH]2)[C@@H](O)[C@H](Oc2ccc3c(O)c(-c4ccc(Oc5ccccc5)cc4)c(=O)oc3c2C)OC1(C)C,True,6.018040000000005,47.0,641.6730000000001,4.28485773993826,0.4776545489365196,0.4776545489365196,-9.1,1
48,CO[C@@H]1[C@@H](OC(=O)c2ccc(C)[nH]2)[C@@H](O)[C@H](Oc2ccc3c(O)c(-c4ccc(N)nc4)c(=O)oc3c2C)OC1(C)C,True,3.202940000000001,41.0,565.5790000000002,4.436612122332911,0.6971917684274882,0.6971917684274882,-8.6,1
52,CO[C@@H]1[C@@H](OC(=O)c2ccc(C)[nH]2)[C@@H](O)[C@H](Oc2ccc3c(O)c(Nc4cc(=O)[nH]c(=O)[nH]4)c(=O)oc3c2C)OC1(C)C,True,1.6789399999999997,43.0,598.565,4.6963918838550125,0.5261073614172418,0.5261073614172418,-9.0,1
53,CO[C@@H]1[C@@H](OC(=O)c2ccc(C)[nH]2)[C@@H](O)[C@H](Oc2ccc3c(O)c(CNC(=O)C4(N)CC4)c(=O)oc3c2C)OC1(C)C,True,1.6662399999999995,42.0,585.6100000000002,4.557457964072423,0.5307916449762071,0.5307916449762071,-7.8,1
60,CO[C@@H]1[C@@H](OC(=O)c2ccc(C)[nH]2)[C@@H](O)[C@H](Oc2ccc3c(O)c(NS(=O)(=O)c4cccc(N)c4)c(=O)oc3c2C)OC1(C)C,True,2.941740000000001,45.0,643.671,4.473790543662549,0.6492359607333117,0.6492359607333117,-9.2,1
74,CO[C@@H]1[C@@H](OC(=O)c2ccc(C)[nH]2)[C@@H](O)[C@H](Oc2ccc3c(O)c(OCc4ccc(N)cc4)c(=O)oc3c2C)OC1(C)C,True,3.719940000000002,43.0,594.6170000000002,4.341705614092871,0.6308097847905239,0.6308097847905239,-8.7,1
78,CO[C@@H]1[C@@H](OC(=O)c2ccc(C)[nH]2)[C@@H](O)[C@H](Oc2ccc3c(O)c(C4CCNC4=O)c(=O)oc3c2C)OC1(C)C,True,2.16224,40.0,556.5680000000002,4.71364272891988,0.553141601097894,0.553141601097894,-8.1,1
82,CO[C@@H]1[C@@H](OC(=O)c2ccc(C)[nH]2)[C@@H](O)[C@H](Oc2ccc3c(O)c(-c4ccc(C(=O)NN)cc4)c(=O)oc3c2C)OC1(C)C,True,2.8292400000000013,44.0,607.6160000000001,4.377304968587218,0.7024801306606164,0.4683200871070777,-8.1,1
85,CO[C@@H]1[C@@H](OC(=O)c2ccc(C)[nH]2)[C@@H](O)[C@H](Oc2ccc3c(O)c(Cc4ccc(N)cc4)c(=O)oc3c2C)OC1(C)C,True,3.731740000000002,42.0,578.6180000000003,4.345199001347309,0.64793948997596,0.64793948997596,-7.7,1
86,CO[C@@H]1[C@@H](OC(=O)c2ccc(C)[nH]2)[C@@H](O)[C@H](Oc2ccc3c(O)c(NCc4ccccc4CNC(=O)CO)c(=O)oc3c2C)OC1(C)C,True,2.7793400000000013,48.0,665.6960000000001,4.529700623802852,0.6406862818785545,0.6406862818785545,-9.1,1
93,CNCC(O)C(N)c1c(O)c2ccc(O[C@@H]3OC(C)(C)[C@H](OC)[C@@H](OC(=O)c4ccc(C)[nH]4)[C@H]3O)c(C)c2oc1=O,True,1.13884,41.0,575.6150000000002,4.865958088683855,0.5325991412212369,0.5325991412212369,-7.6,1
96,CO[C@@H]1[C@@H](OC(=O)c2ccc(C)[nH]2)[C@@H](O)[C@H](Oc2ccc3c(O)c(Nc4cc(C#N)ccc4C)c(=O)oc3c2C)OC1(C)C,True,4.482440000000003,44.0,603.6280000000002,4.48468246381926,0.5636921131530089,0.5636921131530089,-9.2,1
101,CO[C@@H]1[C@@H](OC(=O)c2ccc(C)[nH]2)[C@@H](O)[C@H](Oc2ccc3c(O)c(CN(C)CC(=O)NCN)c(=O)oc3c2C)OC1(C)C,True,1.0229400000000006,43.0,602.6410000000002,4.592481995177851,0.5116727128518852,0.5116727128518852,-8.4,1
101,CO[C@@H]1[C@@H](OC(=O)c2ccc(C)[nH]2)[C@@H](O)[C@H](Oc2ccc3c(O)c(CC(=O)NCc4ccc(N)cc4)c(=O)oc3c2C)OC1(C)C,True,2.9998400000000016,46.0,635.6700000000002,4.399397881431589,0.6458849324137657,0.6458849324137657,-9.0,1
122,CNC(=O)C(C)Cc1c(O)c2ccc(O[C@@H]3OC(C)(C)[C@H](OC)[C@@H](OC(=O)c4ccc(C)[nH]4)[C@H]3O)c(C)c2oc1=O,True,2.48334,41.0,572.6110000000002,4.628390600338765,0.5432301815140919,0.5432301815140919,-8.3,1
122,CO[C@@H]1[C@@H](OC(=O)c2ccc(C)[nH]2)[C@@H](O)[C@H](Oc2ccc3c(O)c(CNS(=O)(=O)c4ccccc4CN)c(=O)oc3c2C)OC1(C)C,True,2.49594,47.0,671.7249999999999,4.529503885653012,0.4387413659418834,0.4387413659418834,-9.1,1
134,COC(=O)CNC(=O)Cc1c(O)c2ccc(O[C@@H]3OC(C)(C)[C@H](OC)[C@@H](OC(=O)c4ccc(C)[nH]4)[C@H]3O)c(C)c2oc1=O,True,1.3904399999999988,43.0,602.5930000000002,4.4289387999115775,0.5193558507219727,0.5193558507219727,-7.7,1
137,CO[C@@H]1[C@@H](OC(=O)c2ccc(C)[nH]2)[C@@H](O)[C@H](Oc2ccc3c(O)c(NC(=O)NC(=O)c4ccc(C)c(Cl)c4)c(=O)oc3c2C)OC1(C)C,True,4.482460000000003,48.0,684.0980000000001,4.47035976578582,0.5100732596228559,0.5100732596228559,-9.7,1
148,CO[C@@H]1[C@@H](OC(=O)c2ccc(C)[nH]2)[C@@H](O)[C@H](Oc2ccc3c(O)c(CNC(=O)CN4CCOCC4)c(=O)oc3c2C)OC1(C)C,True,1.50714,45.0,629.6630000000002,4.435112044600635,0.4833350851242058,0.4833350851242058,-8.4,1
148,CO[C@@H]1[C@@H](OC(=O)c2ccc(C)[nH]2)[C@@H](O)[C@H](Oc2ccc3c(O)c(CNCC(O)CO)c(=O)oc3c2C)OC1(C)C,True,1.0015399999999997,41.0,576.5990000000003,4.606405665678829,0.5385817507861578,0.5385817507861578,-7.1,1
148,CO[C@@H]1[C@@H](OC(=O)c2ccc(C)[nH]2)[C@@H](O)[C@H](Oc2ccc3c(O)c(CNC(=O)NCc4ccccc4)c(=O)oc3c2C)OC1(C)C,True,3.5581400000000016,46.0,635.6700000000001,4.345506505939463,0.6053604277032478,0.6053604277032478,-8.5,1
155,CO[C@@H]1[C@@H](OC(=O)c2ccc(C)[nH]2)[C@@H](O)[C@H](Oc2ccc3c(O)c(C(N)C(O)CNCCO)c(=O)oc3c2C)OC1(C)C,True,0.501340000000001,43.0,605.6410000000002,4.892223772389138,0.4990158264044886,0.4990158264044886,-8.1,1
157,C#CC(N)(N)c1c(O)c2ccc(O[C@@H]3OC(C)(C)[C@H](OC)[C@@H](OC(=O)c4ccc(C)[nH]4)[C@H]3O)c(C)c2oc1=O,True,1.2621399999999998,39.0,541.5570000000001,4.803308287503587,0.5671301148828629,0.5671301148828629,-6.8,1
157,CO[C@@H]1[C@@H](OC(=O)c2ccc(C)[nH]2)[C@@H](O)[C@H](Oc2ccc3c(O)c(C4(N)CC(=O)N4)c(=O)oc3c2C)OC1(C)C,True,1.1901399999999989,40.0,557.5560000000003,4.823289651996802,0.5509235229844366,0.5509235229844366,-8.0,1
169,CO[C@@H]1[C@@H](OC(=O)c2ccc(C)[nH]2)[C@@H](O)[C@H](Oc2ccc3c(O)c(-c4nc(N)ncc4F)c(=O)oc3c2C)OC1(C)C,True,2.7370400000000004,42.0,584.5570000000002,4.555252306617749,0.7080715508469518,0.7080715508469518,-8.8,1
217,CO[C@@H]1[C@@H](OC(=O)c2ccc(C)[nH]2)[C@@H](O)[C@H](Oc2ccc3c(O)c(S(=O)(=O)NCC(N)CO)c(=O)oc3c2C)OC1(C)C,True,0.1566400000000014,43.0,625.6530000000001,4.773157507456809,0.4830627033625655,0.4830627033625655,-7.7,1
255,CO[C@@H]1[C@@H](OC(=O)c2ccc(C)[nH]2)[C@@H](O)[C@H](Oc2ccc3c(O)c(C4(O)C(=O)C4(N)C(=O)C4(O)C(=O)C4C)c(=O)oc3c2C)OC1(C)C,True,-0.454459999999999,48.0,670.6240000000001,5.491681182892577,0.4197671286122392,0.4197671286122392,-8.5,1
280,CO[C@@H]1[C@@H](OC(=O)c2ccc(C)[nH]2)[C@@H](O)[C@H](Oc2ccc3c(O)c(-c4cccc(C5COC(=O)N5)c4O)c(=O)oc3c2C)OC1(C)C,True,3.712240000000002,47.0,650.6370000000002,4.850827507193014,0.5572265584216218,0.5572265584216218,-10.3,1
301,CO[C@@H]1[C@@H](OC(=O)c2ccc(C)[nH]2)[C@@H](O)[C@H](Oc2ccc3c(O)c(C(O)CCn4cc(CO)c(=O)[nH]c4=O)c(=O)oc3c2C)OC1(C)C,True,1.024739999999999,48.0,671.6560000000002,4.862242313161216,0.4285439391157927,0.4285439391157927,-9.1,1
335,CO[C@@H]1[C@@H](OC(=O)c2ccc(C)[nH]2)[C@@H](O)[C@H](Oc2ccc3c(O)c(C(O)C(O)C(O)C(O)C(O)C(O)CN)c(=O)oc3c2C)OC1(C)C,True,-1.644659999999999,48.0,682.6759999999998,5.389143204095427,0.418968338722367,0.418968338722367,-7.4,1
346,CO[C@@H]1[C@@H](OC(=O)c2ccc(C)[nH]2)[C@@H](O)[C@H](Oc2ccc3c(O)c(COC(=O)C4(O)CS(=O)(=O)C4(C)O)c(=O)oc3c2C)OC1(C)C,True,0.4699399999999993,47.0,681.6690000000002,5.195276029099139,0.4189211765080772,0.4189211765080772,-9.2,1
365,CO[C@@H]1[C@@H](OC(=O)c2ccc(C)[nH]2)[C@@H](O)[C@H](Oc2ccc3c(O)c(COC(=O)[C@H]4C[C@H](N)C4)c(=O)oc3c2C)OC1(C)C,True,2.33924,43.0,600.6210000000002,4.564460693402701,0.5104394023839859,0.5104394023839859,-8.5,1
374,CO[C@@H]1[C@@H](OC(=O)c2ccc(C)[nH]2)[C@@H](O)[C@H](Oc2ccc3c(O)c(NCc4coc(=O)c(=O)[nH]4)c(=O)oc3c2C)OC1(C)C,True,1.8123399999999992,44.0,613.5760000000001,4.804377568714364,0.5082728853964353,0.5082728853964353,-9.2,1
432,CO[C@@H]1[C@@H](OC(=O)c2ccc(C)[nH]2)[C@@H](O)[C@H](Oc2ccc3c(O)c(C(O)[C@@H](O)CN)c(=O)oc3c2C)OC1(C)C,True,0.91174,40.0,562.5720000000002,4.823113411998165,0.5480057695278706,0.5480057695278706,-7.5,1
448,CO[C@@H]1[C@@H](OC(=O)c2ccc(C)[nH]2)[C@@H](O)[C@H](Oc2ccc3c(O)c(CCn4cc(CO)c(N)n4)c(=O)oc3c2C)OC1(C)C,True,2.0724399999999994,44.0,612.6360000000002,4.676939170748693,0.4928673595672057,0.4928673595672057,-8.8,1
459,CO[C@@H]1[C@@H](OC(=O)c2ccc(C)[nH]2)[C@@H](O)[C@H](Oc2ccc3c(O)c(C(O)Cn4cc(F)c(=O)[nH]c4=O)c(=O)oc3c2C)OC1(C)C,True,1.2814399999999997,46.0,645.5930000000001,4.820136774505405,0.456176818256749,0.456176818256749,-9.2,1
482,CO[C@@H]1[C@@H](OC(=O)c2ccc(C)[nH]2)[C@@H](O)[C@H](Oc2ccc3c(O)c(-c4cnc(C(C)O)nn4)c(=O)oc3c2C)OC1(C)C,True,2.4640400000000007,43.0,596.5930000000002,4.801336190638035,0.5050801146841926,0.5050801146841926,-9.0,1
486,CO[C@@H]1[C@@H](OC(=O)c2ccc(C)[nH]2)[C@@H](O)[C@H](Oc2ccc3c(O)c(COc4cccc(N)c4C4=COC4=O)c(=O)oc3c2C)OC1(C)C,True,3.6176400000000015,48.0,662.6480000000001,4.802679108476074,0.5511199413259452,0.5511199413259452,-9.9,1
501,CO[C@@H]1[C@@H](OC(=O)c2ccc(C)[nH]2)[C@@H](O)[C@H](Oc2ccc3c(O)c(C4=C(O)c5oc(N)nc54)c(=O)oc3c2C)OC1(C)C,True,2.916940000000001,43.0,595.5610000000003,4.85672682518487,0.677024133835209,0.677024133835209,-9.4,1
503,CO[C@@H]1[C@@H](OC(=O)c2ccc(C)[nH]2)[C@@H](O)[C@H](Oc2ccc3c(O)c(-c4cccc(CN)c4)c(=O)oc3c2C)OC1(C)C,True,3.684440000000001,42.0,578.6180000000003,4.363019956254469,0.6497691501951046,0.6497691501951046,-8.3,1
510,CO[C@@H]1[C@@H](OC(=O)c2ccc(C)[nH]2)[C@@H](O)[C@H](Oc2ccc3c(O)c(CCNC(=O)COc4cccc(N)c4)c(=O)oc3c2C)OC1(C)C,True,2.87864,48.0,665.6960000000003,4.479249611657103,0.6177485420987928,0.6177485420987928,-9.0,1
514,CO[C@@H]1[C@@H](OC(=O)c2ccc(C)[nH]2)[C@@H](O)[C@H](Oc2ccc3c(O)c(-c4ccc(F)c(N)n4)c(=O)oc3c2C)OC1(C)C,True,3.3420400000000017,42.0,583.5690000000002,4.512843343407047,0.6631403007599577,0.6631403007599577,-9.1,1
524,CO[C@@H]1[C@@H](OC(=O)c2ccc(C)[nH]2)[C@@H](O)[C@H](Oc2ccc3c(O)c(-c4cc(O)c(N)oc4=O)c(=O)oc3c2C)OC1(C)C,True,2.4667400000000006,43.0,598.5610000000001,4.716887912337612,0.5169293953500531,0.5169293953500531,-8.9,1
527,CO[C@@H]1[C@@H](OC(=O)c2ccc(C)[nH]2)[C@@H](O)[C@H](Oc2ccc3c(O)c(COc4cc(F)nc(N)n4)c(=O)oc3c2C)OC1(C)C,True,2.6490400000000003,44.0,614.5830000000001,4.662677632287155,0.6848697696966359,0.6848697696966359,-9.0,1
530,CO[C@@H]1[C@@H](OC(=O)c2ccc(C)[nH]2)[C@@H](O)[C@H](Oc2ccc3c(O)c(COc4ccc(CNC(=O)CN)cc4)c(=O)oc3c2C)OC1(C)C,True,2.7126400000000013,48.0,665.6960000000003,4.445009010153344,0.6341994171496678,0.6341994171496678,-8.9,1
538,CO[C@@H]1[C@@H](OC(=O)c2ccc(C)[nH]2)[C@@H](O)[C@H](Oc2ccc3c(O)c(-c4ccc(S(=O)(=O)NCCO)cc4N)c(=O)oc3c2C)OC1(C)C,True,2.0785400000000003,48.0,687.724,4.599714551458162,0.4327336160282025,0.4327336160282025,-8.9,1
539,CO[C@@H]1[C@@H](OC(=O)c2ccc(C)[nH]2)[C@@H](O)[C@H](Oc2ccc3c(O)c(CCc4c(C)nc(N)nc4O)c(=O)oc3c2C)OC1(C)C,True,2.7301600000000006,45.0,624.6470000000002,4.674984164675683,0.6716544906164901,0.6716544906164901,-9.4,1
554,CO[C@@H]1[C@@H](OC(=O)c2ccc(C)[nH]2)[C@@H](O)[C@H](Oc2ccc3c(O)c(CC(=O)NC[C@H](O)C(N)CO)c(=O)oc3c2C)OC1(C)C,True,-0.1020599999999987,45.0,633.6510000000002,4.839024558061804,0.4715058354861831,0.4715058354861831,-7.6,1
565,CO[C@@H]1[C@@H](OC(=O)c2ccc(C)[nH]2)[C@@H](O)[C@H](Oc2ccc3c(O)c(-c4cncc(N)c4N)c(=O)oc3c2C)OC1(C)C,True,2.785140000000001,42.0,580.5940000000003,4.612088962136144,0.7100605627922212,0.7100605627922212,-8.7,1
576,CO[C@@H]1[C@@H](OC(=O)c2ccc(C)[nH]2)[C@@H](O)[C@H](Oc2ccc3c(O)c(COc4ccc5cc(Cl)ccc5c4)c(=O)oc3c2C)OC1(C)C,True,5.944340000000006,47.0,664.1070000000002,4.404938300980273,0.4522424219924469,0.4522424219924469,-9.6,1
588,CO[C@@H]1[C@@H](OC(=O)c2ccc(C)[nH]2)[C@@H](O)[C@H](Oc2ccc3c(O)c(COc4ccc(Cl)cc4)c(=O)oc3c2C)OC1(C)C,True,4.791140000000004,43.0,614.047,4.305543881707609,0.5269217984072905,0.5269217984072905,-8.6,1
599,CO[C@@H]1[C@@H](OC(=O)c2ccc(C)[nH]2)[C@@H](O)[C@H](Oc2ccc3c(O)c(CNC(=O)C(C)NC(=O)CN)c(=O)oc3c2C)OC1(C)C,True,0.6383400000000015,45.0,630.6510000000002,4.625458889695582,0.4781317562184287,0.4781317562184287,-8.1,1
600,CO[C@@H]1[C@@H](OC(=O)c2ccc(C)[nH]2)[C@@H](O)[C@H](Oc2ccc3c(O)c(CC(=O)NCc4nc5ccccc5[nH]4)c(=O)oc3c2C)OC1(C)C,True,3.293940000000002,48.0,660.6800000000002,4.502351393378917,0.5897618305187525,0.5897618305187525,-9.3,1
601,CO[C@@H]1[C@@H](OC(=O)c2ccc(C)[nH]2)[C@@H](O)[C@H](Oc2ccc3c(O)c(-c4nc(N)[nH]c4C)c(=O)oc3c2C)OC1(C)C,True,2.8394600000000008,41.0,568.5830000000002,4.615928610711789,0.7196789306106626,0.7196789306106626,-8.6,1
603,CO[C@@H]1[C@@H](OC(=O)c2ccc(C)[nH]2)[C@@H](O)[C@H](Oc2ccc3c(O)c(-c4cc(N)c(C)cc4F)c(=O)oc3c2C)OC1(C)C,True,4.255460000000003,43.0,596.6080000000002,4.507438208195601,0.5794962917612029,0.5794962917612029,-9.2,1
603,CO[C@@H]1[C@@H](OC(=O)c2ccc(C)[nH]2)[C@@H](O)[C@H](Oc2ccc3c(O)c(-c4cc(O)c(N)c(F)c4)c(=O)oc3c2C)OC1(C)C,True,3.6526400000000017,43.0,598.5800000000002,4.576487912337613,0.627933321549235,0.627933321549235,-9.2,1
607,CO[C@@H]1[C@@H](OC(=O)c2ccc(C)[nH]2)[C@@H](O)[C@H](Oc2ccc3c(O)c(COC(=O)Cc4c(O)nc(N)oc4=O)c(=O)oc3c2C)OC1(C)C,True,1.48064,48.0,671.6120000000002,4.838740388216824,0.4301289218600967,0.4301289218600967,-9.4,1
612,CO[C@@H]1[C@@H](OC(=O)c2ccc(C)[nH]2)[C@@H](O)[C@H](Oc2ccc3c(O)c(NCc4ccc5ccccc5c4C)c(=O)oc3c2C)OC1(C)C,True,5.632460000000005,47.0,642.7050000000002,4.485516574615034,0.4820797050520171,0.4820797050520171,-9.7,1
613,CO[C@@H]1[C@@H](OC(=O)c2ccc(C)[nH]2)[C@@H](O)[C@H](Oc2ccc3c(O)c(-c4ncc(CC(N)=O)cc4N)c(=O)oc3c2C)OC1(C)C,True,2.230739999999999,45.0,622.6310000000002,4.669352269741349,0.4840020969796574,0.4840020969796574,-9.2,1
616,CO[C@@H]1[C@@H](OC(=O)c2ccc(C)[nH]2)[C@@H](O)[C@H](Oc2ccc3c(O)c(Cc4ccnn4C)c(=O)oc3c2C)OC1(C)C,True,2.883040000000001,41.0,567.5950000000003,4.543914913347206,0.7195392647272618,0.7195392647272618,-8.2,1
624,CO[C@@H]1[C@@H](OC(=O)c2ccc(C)[nH]2)[C@@H](O)[C@H](Oc2ccc3c(O)c(-c4ccc(CC(N)=O)cc4N)c(=O)oc3c2C)OC1(C)C,True,2.8357400000000013,45.0,621.6430000000001,4.526918123399884,0.6690410869679086,0.6690410869679086,-8.9,1
633,CO[C@@H]1[C@@H](OC(=O)c2ccc(C)[nH]2)[C@@H](O)[C@H](Oc2ccc3c(O)c(C(N)CCc4ccc5ccccc5c4)c(=O)oc3c2C)OC1(C)C,True,5.344540000000005,48.0,656.7320000000002,4.5926013161497945,0.4510742719327852,0.4510742719327852,-10.0,1
639,CO[C@@H]1[C@@H](OC(=O)c2ccc(C)[nH]2)[C@@H](O)[C@H](Oc2ccc3c(O)c(Cc4cc(CO)cnc4N)c(=O)oc3c2C)OC1(C)C,True,2.61904,44.0,609.6320000000002,4.575196259114873,0.6962521591811403,0.6962521591811403,-8.7,1
647,CO[C@@H]1[C@@H](OC(=O)c2ccc(C)[nH]2)[C@@H](O)[C@H](Oc2ccc3c(O)c(-c4ccn(C)c4N)c(=O)oc3c2C)OC1(C)C,True,3.146440000000002,41.0,567.5950000000003,4.615739462360139,0.6946544441016879,0.6946544441016879,-8.6,1
662,CO[C@@H]1[C@@H](OC(=O)c2ccc(C)[nH]2)[C@@H](O)[C@H](Oc2ccc3c(O)c(CCCCCC(N)=O)c(=O)oc3c2C)OC1(C)C,True,3.1469400000000016,42.0,586.6380000000004,4.427726821667917,0.6855562873014152,0.6855562873014152,-8.3,1
662,CO[C@@H]1[C@@H](OC(=O)c2ccc(C)[nH]2)[C@@H](O)[C@H](Oc2ccc3c(O)c(CC(=O)Nc4ccc(F)cc4)c(=O)oc3c2C)OC1(C)C,True,3.8790400000000025,45.0,624.618,4.319083731945549,0.5928326627611928,0.5928326627611928,-7.5,1
679,CO[C@@H]1[C@@H](OC(=O)c2ccc(C)[nH]2)[C@@H](O)[C@H](Oc2ccc3c(O)c(C[C@@H](N)[C@@H](O)CO)c(=O)oc3c2C)OC1(C)C,True,0.7817399999999997,41.0,576.5990000000003,4.818423369349135,0.531890048240349,0.531890048240349,-7.6,1
697,CO[C@@H]1[C@@H](OC(=O)c2ccc(C)[nH]2)[C@@H](O)[C@H](Oc2ccc3c(O)c(CC(=O)NCCn4cc(N)c(=O)[nH]4)c(=O)oc3c2C)OC1(C)C,True,0.9896400000000006,47.0,655.6610000000002,4.81803519155641,0.4461022880753796,0.4461022880753796,-8.9,1
697,CO[C@@H]1[C@@H](OC(=O)c2ccc(C)[nH]2)[C@@H](O)[C@H](Oc2ccc3c(O)c(CC(N)C(=O)NCC(O)CO)c(=O)oc3c2C)OC1(C)C,True,-0.1020599999999987,45.0,633.6510000000002,4.809367685426242,0.4710892290664502,0.4710892290664502,-7.4,1
708,CO[C@@H]1[C@@H](OC(=O)c2ccc(C)[nH]2)[C@@H](O)[C@H](Oc2ccc3c(O)c(CN4CC(N)C4)c(=O)oc3c2C)OC1(C)C,True,1.7016399999999996,40.0,557.6000000000003,4.490858420701503,0.5578874959223927,0.5578874959223927,-7.1,1
708,CO[C@@H]1[C@@H](OC(=O)c2ccc(C)[nH]2)[C@@H](O)[C@H](Oc2ccc3c(O)c(CN4CCC(N)CC4)c(=O)oc3c2C)OC1(C)C,True,2.48184,42.0,585.6540000000003,4.46625019498126,0.5284879096966607,0.5284879096966607,-8.0,1
724,CO[C@@H]1[C@@H](OC(=O)c2ccc(C)[nH]2)[C@@H](O)[C@H](Oc2ccc3c(O)c(-c4c(N)cnc(N)c4C#N)c(=O)oc3c2C)OC1(C)C,True,2.6568200000000006,44.0,605.6040000000002,4.683838331587854,0.6889121741352436,0.6889121741352436,-8.9,1
724,CO[C@@H]1[C@@H](OC(=O)c2ccc(C)[nH]2)[C@@H](O)[C@H](Oc2ccc3c(O)c(NCc4cnn(C)c4)c(=O)oc3c2C)OC1(C)C,True,2.9043400000000013,42.0,582.6100000000002,4.519486269251816,0.7101891095170507,0.7101891095170507,-8.1,1
727,CO[C@@H]1[C@@H](OC(=O)c2ccc(C)[nH]2)[C@@H](O)[C@H](Oc2ccc3c(O)c(CC(=O)c4cc(C)nc(N)n4)c(=O)oc3c2C)OC1(C)C,True,2.66476,45.0,622.6310000000002,4.619390168428028,0.6798572880321271,0.6798572880321271,-8.8,1
727,CO[C@@H]1[C@@H](OC(=O)c2ccc(C)[nH]2)[C@@H](O)[C@H](Oc2ccc3c(O)c(-c4nc(N)c(O)nc4C)c(=O)oc3c2C)OC1(C)C,True,2.6119600000000007,43.0,596.5930000000002,4.731048859083175,0.7056771200151544,0.7056771200151544,-8.9,1
727,CO[C@@H]1[C@@H](OC(=O)c2ccc(C)[nH]2)[C@@H](O)[C@H](Oc2ccc3c(O)c(-c4nc(N)c5c(c4F)C(=O)N=C5O)c(=O)oc3c2C)OC1(C)C,True,2.800440000000001,47.0,652.5880000000002,4.963985854011687,0.6227813366804196,0.6227813366804196,-9.7,1
736,CO[C@@H]1[C@@H](OC(=O)c2ccc(C)[nH]2)[C@@H](O)[C@H](Oc2ccc3c(O)c(C4(N)CCC5(CC4)NC(=O)NC5=O)c(=O)oc3c2C)OC1(C)C,True,1.86494,47.0,654.6730000000002,5.33467672401423,0.436006427954541,0.436006427954541,-9.9,1
768,CO[C@@H]1[C@@H](OC(=O)c2ccc(C)[nH]2)[C@@H](O)[C@H](Oc2ccc3c(O)c(-c4nc(N)n(C)c4F)c(=O)oc3c2C)OC1(C)C,True,2.6805400000000006,42.0,586.5730000000002,4.731162822372018,0.7078113178274794,0.7078113178274794,-9.2,1
771,CO[C@@H]1[C@@H](OC(=O)c2ccc(C)[nH]2)[C@@H](O)[C@H](Oc2ccc3c(O)c(C(O)(CO)NC(=O)CN)c(=O)oc3c2C)OC1(C)C,True,-0.2289599999999987,43.0,605.5970000000002,4.959019443796332,0.5009921948514686,0.5009921948514686,-7.3,1
788,CO[C@@H]1[C@@H](OC(=O)c2ccc(C)[nH]2)[C@@H](O)[C@H](Oc2ccc3c(O)c(C(CO)NC(=O)C(N)CO)c(=O)oc3c2C)OC1(C)C,True,0.0279400000000014,44.0,619.6240000000001,4.831180563276792,0.4888521132340092,0.4888521132340092,-6.9,1
791,COc1c(O)c2ccc(O[C@@H]3OC(C)(C)[C@H](OC)[C@@H](OC(=O)c4ccc(C)[nH]4)[C@H]3O)c(C)c2oc1=O,True,2.5673400000000006,36.0,503.50400000000025,4.30737460369308,0.8255255823006786,0.8255255823006786,-7.4,1
812,CO[C@@H]1[C@@H](OC(=O)c2ccc(C)[nH]2)[C@@H](O)[C@H](Oc2ccc3c(O)c(CN(C)CC(=O)N4CC4)c(=O)oc3c2C)OC1(C)C,True,1.83274,43.0,599.6370000000003,4.464368385710395,0.512534232917437,0.512534232917437,-8.2,1
816,CO[C@@H]1[C@@H](OC(=O)c2ccc(C)[nH]2)[C@@H](O)[C@H](Oc2ccc3c(O)c(CC(=O)NNC(=O)CC(O)CN)c(=O)oc3c2C)OC1(C)C,True,-0.0416599999999975,46.0,646.6500000000002,4.754237943736175,0.4616792224873076,0.4616792224873076,-8.0,1
842,CO[C@@H]1[C@@H](OC(=O)c2ccc(C)[nH]2)[C@@H](O)[C@H](Oc2ccc3c(O)c(-c4cc(O)nc(N)n4)c(=O)oc3c2C)OC1(C)C,True,2.30354,42.0,582.5660000000003,4.614173109293335,0.5293853028096762,0.5293853028096762,-8.6,1
842,CO[C@@H]1[C@@H](OC(=O)c2ccc(C)[nH]2)[C@@H](O)[C@H](Oc2ccc3c(O)c(CC(=O)NC(=O)CN)c(=O)oc3c2C)OC1(C)C,True,0.7027400000000004,42.0,587.5820000000002,4.506276992412504,0.5324263867835285,0.5324263867835285,-7.3,1
971,CO[C@@H]1[C@@H](OC(=O)c2ccc(C)[nH]2)[C@@H](O)[C@H](Oc2ccc3c(O)c(NC(=O)CCNC(=O)CN)c(=O)oc3c2C)OC1(C)C,True,0.9622400000000004,44.0,616.6240000000001,4.45593294697247,0.5184347061123169,0.5184347061123169,-7.8,1
3,CO[C@@H]1[C@@H](OC(=O)c2ccc(C)[nH]2)[C@@H](O)[C@H](Oc2ccc3c(O)c(C4CCN(c5c(C)nc(N)[nH]c5=O)C4)c(=O)oc3c2C)OC1(C)C,True,2.52656,48.0,665.7000000000002,4.9418211366278255,0.4260605299226598,0.4260605299226598,-10.0,1
3,CO[C@@H]1[C@@H](OC(=O)c2ccc(C)[nH]2)[C@@H](O)[C@H](Oc2ccc3c(O)c(NCCn4[nH]c(=O)c(=O)[nH]c4=O)c(=O)oc3c2C)OC1(C)C,True,0.2091400000000003,46.0,643.6060000000001,4.812876543714189,0.4726748771540765,0.4726748771540765,-8.8,1
3,CO[C@@H]1[C@@H](OC(=O)c2ccc(C)[nH]2)[C@@H](O)[C@H](Oc2ccc3c(O)c(NCCc4[nH]c(=O)c(=O)[nH]c4O)c(=O)oc3c2C)OC1(C)C,True,1.2955399999999997,46.0,642.6180000000002,4.807583137120782,0.4762757113480547,0.4762757113480547,-9.2,1
18,CO[C@@H]1[C@@H](OC(=O)c2ccc(C)[nH]2)[C@@H](O)[C@H](Oc2ccc3c(O)c(Cc4cccc(-c5cccc(N)c5)c4)c(=O)oc3c2C)OC1(C)C,True,5.398740000000004,48.0,654.7160000000001,4.419921313011523,0.4600655463504641,0.4600655463504641,-9.9,1
27,CO[C@@H]1[C@@H](OC(=O)c2ccc(C)[nH]2)[C@@H](O)[C@H](Oc2ccc3c(O)c(C(O)C4(O)CN(C(=O)CN)C4)c(=O)oc3c2C)OC1(C)C,True,0.1241400000000001,45.0,631.6350000000002,4.9220928417346,0.4676628520118089,0.4676628520118089,-8.2,1
43,CO[C@@H]1[C@@H](OC(=O)c2ccc(C)[nH]2)[C@@H](O)[C@H](Oc2ccc3c(O)c(-c4ccc(N)c(N)c4)c(=O)oc3c2C)OC1(C)C,True,3.390140000000001,42.0,579.6060000000002,4.45946341029668,0.6733236592814735,0.6733236592814735,-9.0,1
45,CO[C@@H]1[C@@H](OC(=O)c2ccc(C)[nH]2)[C@@H](O)[C@H](Oc2ccc3c(O)c(CN4CCN(C(C)=O)CC4)c(=O)oc3c2C)OC1(C)C,True,2.22284,44.0,613.6640000000002,4.420613678059564,0.5050089841721653,0.5050089841721653,-8.1,1
46,CO[C@@H]1[C@@H](OC(=O)c2ccc(C)[nH]2)[C@@H](O)[C@H](Oc2ccc3c(O)c(-c4cc(O)c(C)cc4C)c(=O)oc3c2C)OC1(C)C,True,4.548180000000003,43.0,593.6290000000002,4.472995604645304,0.5687629755365262,0.5687629755365262,-9.4,1
56,CO[C@@H]1[C@@H](OC(=O)c2ccc(C)[nH]2)[C@@H](O)[C@H](Oc2ccc3c(O)c(CNC(=O)c4ccc(N)c(=O)[nH]4)c(=O)oc3c2C)OC1(C)C,True,1.75924,46.0,638.6300000000001,4.625380939318584,0.4778223405673817,0.4778223405673817,-9.0,1
65,CO[C@@H]1[C@@H](OC(=O)c2ccc(C)[nH]2)[C@@H](O)[C@H](Oc2ccc3c(O)c(C[C@H](N)CO)c(=O)oc3c2C)OC1(C)C,True,1.4208399999999994,39.0,546.5730000000003,4.623086857088086,0.569450224037498,0.569450224037498,-7.5,1
74,CO[C@@H]1[C@@H](OC(=O)c2ccc(C)[nH]2)[C@@H](O)[C@H](Oc2ccc3c(O)c(NC(=O)C(O)CN)c(=O)oc3c2C)OC1(C)C,True,0.8168399999999989,41.0,575.5710000000003,4.655536546284711,0.555210682113213,0.555210682113213,-6.7,1
75,CO[C@@H]1[C@@H](OC(=O)c2ccc(C)[nH]2)[C@@H](O)[C@H](Oc2ccc3c(O)c(CCNC(=O)Cc4ccc(F)c(N)c4)c(=O)oc3c2C)OC1(C)C,True,3.181440000000001,48.0,667.6870000000001,4.531515285456988,0.590107287702856,0.590107287702856,-9.5,1
77,CO[C@@H]1[C@@H](OC(=O)c2ccc(C)[nH]2)[C@@H](O)[C@H](Oc2ccc3c(O)c(CN4CCC(C)CC4)c(=O)oc3c2C)OC1(C)C,True,3.7906400000000025,42.0,584.6660000000004,4.40187870957012,0.632387027056864,0.632387027056864,-8.4,1
77,CO[C@@H]1[C@@H](OC(=O)c2ccc(C)[nH]2)[C@@H](O)[C@H](Oc2ccc3c(O)c(-c4ccc(CCl)cc4)c(=O)oc3c2C)OC1(C)C,True,4.964540000000005,42.0,598.0480000000001,4.360285340869854,0.5286395184955347,0.5286395184955347,-8.9,1
88,CO[C@@H]1[C@@H](OC(=O)c2ccc(C)[nH]2)[C@@H](O)[C@H](Oc2ccc3c(O)c(C4CC4C(C)N)c(=O)oc3c2C)OC1(C)C,True,3.009440000000001,40.0,556.6120000000002,4.92238178412488,0.709753977348773,0.709753977348773,-8.3,1
95,CO[C@@H]1[C@@H](OC(=O)c2ccc(C)[nH]2)[C@@H](O)[C@H](Oc2ccc3c(O)c(CC(N)C(=O)NNC(=O)CO)c(=O)oc3c2C)OC1(C)C,True,-0.4317599999999981,45.0,632.6230000000002,4.745655989317273,0.4768068531362191,0.4768068531362191,-6.9,1
96,CO[C@@H]1[C@@H](OC(=O)c2ccc(C)[nH]2)[C@@H](O)[C@H](Oc2ccc3c(O)c(CNC(=O)c4ccccc4C)c(=O)oc3c2C)OC1(C)C,True,3.7971600000000025,45.0,620.6550000000001,4.335529389513786,0.603001596715828,0.603001596715828,-8.5,1
96,CO[C@@H]1[C@@H](OC(=O)c2ccc(C)[nH]2)[C@@H](O)[C@H](Oc2ccc3c(O)c(-c4nc(C)cc(N)n4)c(=O)oc3c2C)OC1(C)C,True,2.906360000000001,42.0,580.5940000000003,4.5384852163167455,0.7081097893846275,0.7081097893846275,-8.6,1
136,CO[C@@H]1[C@@H](OC(=O)c2ccc(C)[nH]2)[C@@H](O)[C@H](Oc2ccc3c(O)c(C(N)CCC(=O)NNC(=O)CO)c(=O)oc3c2C)OC1(C)C,True,0.4784400000000013,46.0,646.6500000000002,4.782477451428483,0.462168893989139,0.462168893989139,-8.8,1
156,CO[C@@H]1[C@@H](OC(=O)c2ccc(C)[nH]2)[C@@H](O)[C@H](Oc2ccc3c(O)c(CNC(=O)Cc4ccc(C)cc4)c(=O)oc3c2C)OC1(C)C,True,3.726060000000003,46.0,634.6820000000001,4.354925561625411,0.5901822759696731,0.5901822759696731,-8.9,1
173,CO[C@@H]1[C@@H](OC(=O)c2ccc(C)[nH]2)[C@@H](O)[C@H](Oc2ccc3c(O)c(NC[C@@H]4CCN4)c(=O)oc3c2C)OC1(C)C,True,2.33254,40.0,557.6000000000003,4.688182169479321,0.5680239758725447,0.5680239758725447,-8.1,1
175,CO[C@@H]1[C@@H](OC(=O)c2ccc(C)[nH]2)[C@@H](O)[C@H](Oc2ccc3c(O)c(-c4ccc(C(N)CO)cn4)c(=O)oc3c2C)OC1(C)C,True,2.6128400000000003,44.0,609.6320000000001,4.681624328976111,0.6925023228006695,0.6925023228006695,-9.2,1
175,CO[C@@H]1[C@@H](OC(=O)c2ccc(C)[nH]2)[C@@H](O)[C@H](Oc2ccc3c(O)c(OCCC(=O)NCCNC(=O)CN)c(=O)oc3c2C)OC1(C)C,True,0.5187400000000031,47.0,660.6770000000001,4.536675978676266,0.45159809182064,0.45159809182064,-7.8,1
187,COCCNC(=O)c1ccc(-c2c(O)c3ccc(O[C@@H]4OC(C)(C)[C@H](OC)[C@@H](OC(=O)c5ccc(C)[nH]5)[C@H]4O)c(C)c3oc2=O)cc1,True,3.6019400000000026,47.0,650.6810000000002,4.365245426866716,0.5925266578093517,0.5925266578093517,-8.6,1
188,CO[C@@H]1[C@@H](OC(=O)c2ccc(C)[nH]2)[C@@H](O)[C@H](Oc2ccc3c(O)c(NCC(=O)NS(C)(=O)=O)c(=O)oc3c2C)OC1(C)C,True,1.0464399999999996,43.0,623.6370000000001,4.57586145855267,0.5014185038866685,0.5014185038866685,-8.4,1
200,CO[C@@H]1[C@@H](OC(=O)c2ccc(C)[nH]2)[C@@H](O)[C@H](Oc2ccc3c(O)c(Cc4ccccc4F)c(=O)oc3c2C)OC1(C)C,True,4.288640000000004,42.0,581.5930000000002,4.328864120710704,0.5990662142196532,0.5990662142196532,-8.6,1
203,CO[C@@H]1[C@@H](OC(=O)c2ccc(C)[nH]2)[C@@H](O)[C@H](Oc2ccc3c(O)c(COc4ccccc4C(=O)NCCN)c(=O)oc3c2C)OC1(C)C,True,2.826240000000001,48.0,665.6960000000001,4.457846372790707,0.6265676137094434,0.6265676137094434,-8.7,1
223,CO[C@@H]1[C@@H](OC(=O)c2ccc(C)[nH]2)[C@@H](O)[C@H](Oc2ccc3c(O)c(CCc4cccc(N)c4O)c(=O)oc3c2C)OC1(C)C,True,3.6317400000000015,44.0,608.6440000000002,4.540305095732801,0.6185536365830745,0.6185536365830745,-9.2,1
250,CO[C@@H]1[C@@H](OC(=O)c2ccc(C)[nH]2)[C@@H](O)[C@H](Oc2ccc3c(O)c(-c4cccc(N)n4)c(=O)oc3c2C)OC1(C)C,True,3.2029400000000017,41.0,565.5790000000002,4.444483599528281,0.6958714380535225,0.6958714380535225,-8.7,1
263,CO[C@@H]1[C@@H](OC(=O)c2ccc(C)[nH]2)[C@@H](O)[C@H](Oc2ccc3c(O)c(COc4ccc(N)nc4F)c(=O)oc3c2C)OC1(C)C,True,3.2540400000000016,44.0,613.5950000000001,4.590909927264905,0.6386947365566338,0.6386947365566338,-9.2,1
269,COCCNC(=O)Cc1c(O)c2ccc(O[C@@H]3OC(C)(C)[C@H](OC)[C@@H](OC(=O)c4ccc(C)[nH]4)[C@H]3O)c(C)c2oc1=O,True,1.863839999999999,42.0,588.6100000000002,4.396843878524104,0.5358656278972549,0.5358656278972549,-7.3,1
295,CO[C@@H]1[C@@H](OC(=O)c2ccc(C)[nH]2)[C@@H](O)[C@H](Oc2ccc3c(O)c(CNC(=O)CS(=O)(=O)CC(N)=O)c(=O)oc3c2C)OC1(C)C,True,0.075040000000002,46.0,665.6740000000002,4.647644622409686,0.4453051058183724,0.4453051058183724,-7.7,1
305,CO[C@@H]1[C@@H](OC(=O)c2ccc(C)[nH]2)[C@@H](O)[C@H](Oc2ccc3c(O)c(-c4cc(N)c(C)c(N)c4O)c(=O)oc3c2C)OC1(C)C,True,3.404160000000001,44.0,609.6320000000002,4.664221124089471,0.6356070195901022,0.6356070195901022,-9.6,1
316,CO[C@@H]1[C@@H](OC(=O)c2ccc(C)[nH]2)[C@@H](O)[C@H](Oc2ccc3c(O)c(C4=C(N)C(=O)NC4=O)c(=O)oc3c2C)OC1(C)C,True,0.8849399999999993,42.0,583.5500000000003,4.656394806177686,0.531480010463387,0.531480010463387,-8.7,1
323,CO[C@@H]1[C@@H](OC(=O)c2ccc(C)[nH]2)[C@@H](O)[C@H](Oc2ccc3c(O)c(-c4cc(=O)n(C)c(=O)n4C)c(=O)oc3c2C)OC1(C)C,True,1.6231399999999996,44.0,611.6040000000002,4.633111492544545,0.5015204052180537,0.5015204052180537,-8.5,1
332,CO[C@@H]1[C@@H](OC(=O)c2ccc(C)[nH]2)[C@@H](O)[C@H](Oc2ccc3c(O)c(NCc4ccc(C#N)nc4)c(=O)oc3c2C)OC1(C)C,True,3.437520000000002,44.0,604.6160000000001,4.570088545963642,0.6406942289869807,0.6406942289869807,-9.2,1
350,CNC(=O)Cc1ccc(-c2c(O)c3ccc(O[C@@H]4OC(C)(C)[C@H](OC)[C@@H](OC(=O)c5ccc(C)[nH]5)[C@H]4O)c(C)c3oc2=O)c(N)c1,True,3.096440000000001,46.0,635.6700000000002,4.534172148109793,0.6336482445212248,0.6336482445212248,-9.6,1
351,COC(=O)c1cnc(-c2c(O)c3ccc(O[C@@H]4OC(C)(C)[C@H](OC)[C@@H](OC(=O)c5ccc(C)[nH]5)[C@H]4O)c(C)c3oc2=O)cn1,True,2.80234,44.0,609.5880000000002,4.5330947969406825,0.6861065332854694,0.6861065332854694,-8.7,1
374,CO[C@@H]1[C@@H](OC(=O)c2ccc(C)[nH]2)[C@@H](O)[C@H](Oc2ccc3c(O)c(C(O)C(=O)N(C)C(=O)C(O)CN)c(=O)oc3c2C)OC1(C)C,True,-0.1032599999999985,46.0,647.6340000000001,5.104157897858864,0.4499508363580597,0.4499508363580597,-8.2,1
379,CO[C@@H]1[C@@H](OC(=O)c2ccc(C)[nH]2)[C@@H](O)[C@H](Oc2ccc3c(O)c(-c4ccc(N)nc4CN)c(=O)oc3c2C)OC1(C)C,True,2.661640000000001,43.0,594.6210000000002,4.611753161560358,0.705970928083339,0.705970928083339,-8.6,1
379,CO[C@@H]1[C@@H](OC(=O)c2ccc(C)[nH]2)[C@@H](O)[C@H](Oc2ccc3c(O)c(-c4ccc5nc(N)ncc5c4)c(=O)oc3c2C)OC1(C)C,True,3.751140000000001,45.0,616.6270000000001,4.513307367677561,0.5961230191572905,0.5961230191572905,-9.5,1
382,CNC(=O)Cc1c(O)c2ccc(O[C@@H]3OC(C)(C)[C@H](OC)[C@@H](OC(=O)c4ccc(C)[nH]4)[C@H]3O)c(C)c2oc1=O,True,1.84724,39.0,544.5570000000002,4.397668702183247,0.5824177963050107,0.5824177963050107,-7.1,1
390,CO[C@@H]1[C@@H](OC(=O)c2ccc(C)[nH]2)[C@@H](O)[C@H](Oc2ccc3c(O)c(COC(=O)c4ccc(C#N)c(N)c4C)c(=O)oc3c2C)OC1(C)C,True,3.678040000000002,48.0,661.6640000000002,4.690741914934382,0.551669839395888,0.551669839395888,-9.7,1
393,CO[C@@H]1[C@@H](OC(=O)c2ccc(C)[nH]2)[C@@H](O)[C@H](Oc2ccc3c(O)c(C=CC(O)CN)c(=O)oc3c2C)OC1(C)C,True,1.89154,40.0,558.5840000000002,4.782189828425878,0.5524242045313521,0.5524242045313521,-7.9,1
429,CO[C@@H]1[C@@H](OC(=O)c2ccc(C)[nH]2)[C@@H](O)[C@H](Oc2ccc3c(O)c(Cc4cc(S(N)(=O)=O)ccc4N)c(=O)oc3c2C)OC1(C)C,True,2.37914,46.0,657.6980000000001,4.556575172285617,0.4582272924957958,0.4582272924957958,-9.5,1
435,CO[C@@H]1[C@@H](OC(=O)c2ccc(C)[nH]2)[C@@H](O)[C@H](Oc2ccc3c(O)c(CC(=O)N(C)CC(=O)NN)c(=O)oc3c2C)OC1(C)C,True,0.5495400000000012,44.0,616.6240000000001,4.5637655326221145,0.4966114248613551,0.4966114248613551,-7.7,1
444,CO[C@@H]1[C@@H](OC(=O)c2ccc(C)[nH]2)[C@@H](O)[C@H](Oc2ccc3c(O)c(CC(=O)N=CCN)c(=O)oc3c2C)OC1(C)C,True,1.6573399999999994,41.0,571.5830000000003,4.787880533788711,0.5394908478604539,0.5394908478604539,-7.6,1
445,CO[C@@H]1[C@@H](OC(=O)c2ccc(C)[nH]2)[C@@H](O)[C@H](Oc2ccc3c(O)c(-c4ccc(NC(=O)CN)cn4)c(=O)oc3c2C)OC1(C)C,True,2.5179400000000003,45.0,622.6310000000001,4.495548496213539,0.4918825721705621,0.4918825721705621,-8.7,1
449,CO[C@@H]1[C@@H](OC(=O)c2ccc(C)[nH]2)[C@@H](O)[C@H](Oc2ccc3c(O)c(-c4ccc5cc(N)[nH]c5c4)c(=O)oc3c2C)OC1(C)C,True,4.289240000000002,44.0,603.6280000000002,4.56890821809479,0.5673585737272042,0.5673585737272042,-9.8,1
506,CO[C@@H]1[C@@H](OC(=O)c2ccc(C)[nH]2)[C@@H](O)[C@H](Oc2ccc3c(O)c(-c4ccc(CCNC(=O)CN)cn4)c(=O)oc3c2C)OC1(C)C,True,2.23814,47.0,650.6850000000002,4.53816684698506,0.4562248666764158,0.4562248666764158,-8.8,1
523,CO[C@@H]1[C@@H](OC(=O)c2ccc(C)[nH]2)[C@@H](O)[C@H](Oc2ccc3c(O)c(NC(=O)c4c(N)ccnc4O)c(=O)oc3c2C)OC1(C)C,True,2.4938400000000005,45.0,624.6030000000001,4.6612370727432255,0.5032766145849069,0.5032766145849069,-9.0,1
585,CO[C@@H]1[C@@H](OC(=O)c2ccc(C)[nH]2)[C@@H](O)[C@H](Oc2ccc3c(O)c(COC(=O)c4cnn(C)c4N)c(=O)oc3c2C)OC1(C)C,True,2.23144,45.0,626.6190000000001,4.601734633718836,0.4797237952222304,0.4797237952222304,-8.6,1
602,CO[C@@H]1[C@@H](OC(=O)c2ccc(C)[nH]2)[C@@H](O)[C@H](Oc2ccc3c(O)c(Nc4ccc5c(C)cccc5c4)c(=O)oc3c2C)OC1(C)C,True,5.763960000000005,46.0,628.6780000000001,4.442167804016387,0.4968627154988179,0.4968627154988179,-9.6,1
607,CO[C@@H]1[C@@H](OC(=O)c2ccc(C)[nH]2)[C@@H](O)[C@H](Oc2ccc3c(O)c(-c4cc(O)cnc4N)c(=O)oc3c2C)OC1(C)C,True,2.908540000000001,42.0,581.5780000000002,4.5702025407314615,0.7031139632220957,0.7031139632220957,-8.7,1
609,CO[C@@H]1[C@@H](OC(=O)c2ccc(C)[nH]2)[C@@H](O)[C@H](Oc2ccc3c(O)c(-c4cc(N)c(C#N)c(N)c4Cl)c(=O)oc3c2C)OC1(C)C,True,3.9152200000000015,45.0,639.0610000000001,4.754905537664948,0.5533080883306327,0.5533080883306327,-9.9,1
616,CO[C@@H]1[C@@H](OC(=O)c2ccc(C)[nH]2)[C@@H](O)[C@H](Oc2ccc3c(O)c(-c4cc(O)cc(N)c4C#N)c(=O)oc3c2C)OC1(C)C,True,3.385220000000001,44.0,605.6000000000001,4.646621023895546,0.6357898642454292,0.6357898642454292,-9.3,1
650,CO[C@@H]1[C@@H](OC(=O)c2ccc(C)[nH]2)[C@@H](O)[C@H](Oc2ccc3c(O)c(CCNC(=O)c4cc(N)ncc4C)c(=O)oc3c2C)OC1(C)C,True,2.81686,47.0,650.6850000000002,4.593800486726355,0.6398766033695715,0.6398766033695715,-9.0,1
652,CO[C@@H]1[C@@H](OC(=O)c2ccc(C)[nH]2)[C@@H](O)[C@H](Oc2ccc3c(O)c(C(=O)NCCNC(=O)C(C)O)c(=O)oc3c2C)OC1(C)C,True,0.7855400000000006,45.0,631.6350000000001,4.625393063718281,0.4847136967520409,0.4847136967520409,-8.3,1
670,CO[C@@H]1[C@@H](OC(=O)c2ccc(C)[nH]2)[C@@H](O)[C@H](Oc2ccc3c(O)c(CNC(=O)C(=O)N(C)CC(=O)NN)c(=O)oc3c2C)OC1(C)C,True,-0.3767599999999966,47.0,659.6490000000001,4.689648156214897,0.4460437838612784,0.4460437838612784,-8.6,1
670,CO[C@@H]1[C@@H](OC(=O)c2ccc(C)[nH]2)[C@@H](O)[C@H](Oc2ccc3c(O)c(CC(N)C(=O)NCC(N)=O)c(=O)oc3c2C)OC1(C)C,True,0.0300400000000025,44.0,616.6240000000001,4.651919785391353,0.493535225349267,0.493535225349267,-7.2,1
671,CO[C@@H]1[C@@H](OC(=O)c2ccc(C)[nH]2)[C@@H](O)[C@H](Oc2ccc3c(O)c(C(O)C(N)C(=O)NCCNC(=O)CO)c(=O)oc3c2C)OC1(C)C,True,-0.8558599999999965,48.0,676.6760000000002,4.951779725390169,0.4262013643578924,0.4262013643578924,-8.9,1
696,CO[C@@H]1[C@@H](OC(=O)c2ccc(C)[nH]2)[C@@H](O)[C@H](Oc2ccc3c(O)c(COC(=O)C4(N)CCC(=O)NC4=O)c(=O)oc3c2C)OC1(C)C,True,0.7360400000000009,47.0,657.6290000000002,4.956550031231477,0.4412872844729072,0.4412872844729072,-8.9,1
711,CO[C@@H]1[C@@H](OC(=O)c2ccc(C)[nH]2)[C@@H](O)[C@H](Oc2ccc3c(O)c(NCC(=O)NC(N)=O)c(=O)oc3c2C)OC1(C)C,True,1.1655399999999998,42.0,588.5700000000002,4.51926079808052,0.5385443804195413,0.5385443804195413,-8.2,1
755,CO[C@@H]1[C@@H](OC(=O)c2ccc(C)[nH]2)[C@@H](O)[C@H](Oc2ccc3c(O)c(C(C)OC(=O)c4nc(N)c(O)nc4O)c(=O)oc3c2C)OC1(C)C,True,2.26014,48.0,670.6280000000002,5.066713637972633,0.4231780773942136,0.4231780773942136,-9.7,1
771,CO[C@@H]1[C@@H](OC(=O)c2ccc(C)[nH]2)[C@@H](O)[C@H](Oc2ccc3c(O)c(CC(CO)(CO)NC(=O)CN)c(=O)oc3c2C)OC1(C)C,True,-0.1004599999999988,45.0,633.6510000000002,4.785306924802402,0.4749129133547761,0.4749129133547761,-7.3,1
775,CO[C@@H]1[C@@H](OC(=O)c2ccc(C)[nH]2)[C@@H](O)[C@H](Oc2ccc3c(O)c(COC(=O)c4ncc(N)nc4N)c(=O)oc3c2C)OC1(C)C,True,1.87014,46.0,639.6180000000002,4.687078741516388,0.4650203629416718,0.4650203629416718,-9.1,1
812,CO[C@@H]1[C@@H](OC(=O)c2ccc(C)[nH]2)[C@@H](O)[C@H](Oc2ccc3c(O)c(C(N)(CO)C(N)=O)c(=O)oc3c2C)OC1(C)C,True,0.1903400000000012,41.0,575.5710000000003,4.858685331013495,0.5344083858869169,0.5344083858869169,-7.1,1
827,CO[C@@H]1[C@@H](OC(=O)c2ccc(C)[nH]2)[C@@H](O)[C@H](Oc2ccc3c(O)c(C(N)C(C)C(N)=O)c(=O)oc3c2C)OC1(C)C,True,1.67994,41.0,573.5990000000003,4.8223561306418965,0.5339464373814661,0.5339464373814661,-8.2,1
835,CO[C@@H]1[C@@H](OC(=O)c2ccc(C)[nH]2)[C@@H](O)[C@H](Oc2ccc3c(O)c(CC(=O)NC(=O)Nc4ccc(Cl)cc4)c(=O)oc3c2C)OC1(C)C,True,4.102940000000002,48.0,684.0980000000001,4.4231764742681765,0.5182257679582329,0.5182257679582329,-9.5,1
843,CO[C@@H]1[C@@H](OC(=O)c2ccc(C)[nH]2)[C@@H](O)[C@H](Oc2ccc3c(O)c(C(N)(CO)CC(=O)NCC(N)=O)c(=O)oc3c2C)OC1(C)C,True,-0.3033599999999976,46.0,646.6500000000002,4.946973618177863,0.4552244228980234,0.4552244228980234,-8.0,1
850,CO[C@@H]1[C@@H](OC(=O)c2ccc(C)[nH]2)[C@@H](O)[C@H](Oc2ccc3c(O)c(C(N)C(O)(CO)NC(=O)C(O)CO)c(=O)oc3c2C)OC1(C)C,True,-1.2911599999999983,47.0,665.6490000000001,5.273491252386924,0.4281945202443481,0.4281945202443481,-6.7,1
863,CO[C@@H]1[C@@H](OC(=O)c2ccc(C)[nH]2)[C@@H](O)[C@H](Oc2ccc3c(O)c(CS(=O)(=O)NC(=O)CN)c(=O)oc3c2C)OC1(C)C,True,0.4634400000000007,43.0,623.6370000000002,4.6182999200911325,0.4896290996124097,0.4896290996124097,-7.4,1
869,CO[C@@H]1[C@@H](OC(=O)c2ccc(C)[nH]2)[C@@H](O)[C@H](Oc2ccc3c(O)c(CC(N)CC(=O)NNC(=O)CO)c(=O)oc3c2C)OC1(C)C,True,-0.0416599999999982,46.0,646.6500000000002,4.797605205274637,0.4618327216814467,0.4618327216814467,-8.7,1
888,CO[C@@H]1[C@@H](OC(=O)c2ccc(C)[nH]2)[C@@H](O)[C@H](Oc2ccc3c(O)c(CC(=O)NC(C#N)CC(=O)NN)c(=O)oc3c2C)OC1(C)C,True,0.4896200000000008,46.0,641.6340000000001,4.842967420659253,0.4603854575687546,0.4603854575687546,-8.2,1
904,CO[C@@H]1[C@@H](OC(=O)c2ccc(C)[nH]2)[C@@H](O)[C@H](Oc2ccc3c(O)c(CC(N)(CO)NC(=O)CO)c(=O)oc3c2C)OC1(C)C,True,-0.1429599999999993,44.0,619.6240000000001,4.976211834518696,0.4844902864612449,0.4844902864612449,-7.7,1
928,CO[C@@H]1[C@@H](OC(=O)c2ccc(C)[nH]2)[C@@H](O)[C@H](Oc2ccc3c(O)c(CC(=O)N4CC(O)(CN)C4)c(=O)oc3c2C)OC1(C)C,True,0.6332400000000005,44.0,615.6360000000002,4.679056288924636,0.4920008290474326,0.4920008290474326,-8.4,1
943,CO[C@@H]1[C@@H](OC(=O)c2ccc(C)[nH]2)[C@@H](O)[C@H](Oc2ccc3c(O)c(CC(=O)C(N)N)c(=O)oc3c2C)OC1(C)C,True,0.9138400000000004,40.0,559.5720000000002,4.640747670289835,0.5575132255845283,0.5575132255845283,-6.9,1
944,CO[C@@H]1[C@@H](OC(=O)c2ccc(C)[nH]2)[C@@H](O)[C@H](Oc2ccc3c(O)c(C4CC(N)(C#N)C4)c(=O)oc3c2C)OC1(C)C,True,2.6572200000000006,41.0,567.5950000000003,4.754537565270743,0.7311829972803727,0.7311829972803727,-8.6,1
