SMILES,SA,LogP,MW,NumHeavyAtoms,lowest_mode1_affinity,pareto_rank
CO[C@@H]1[C@@H](OC(=O)c2ccc(C)[nH]2)[C@@H](O)[C@H](Oc2ccc3c(O)c(NC(=O)CCCl)c(=O)oc3c2C)OC1(C)C,4.4245848850628295,3.1261400000000013,579.0020000000003,40,-8.0,1
COC(=O)c1ccc(-c2c(O)c3ccc(O[C@@H]4OC(C)(C)[C@H](OC)[C@@H](OC(=O)c5ccc(C)[nH]5)[C@H]4O)c(C)c3oc2=O)nc1N,4.515447204075308,2.98954,623.6150000000001,45,-9.3,1
CO[C@@H]1[C@@H](OC(=O)c2ccc(C)[nH]2)[C@@H](O)[C@H](Oc2ccc3c(O)c(NCC(=O)N4CCCC4)c(=O)oc3c2C)OC1(C)C,4.453700054946136,2.59304,599.6370000000003,43,-8.5,1
CO[C@@H]1[C@@H](OC(=O)c2ccc(C)[nH]2)[C@@H](O)[C@H](Oc2ccc3c(O)c(NCCN4CCC(C(N)=O)CC4)c(=O)oc3c2C)OC1(C)C,4.521832769378289,2.16794,642.7060000000002,46,-9.1,1
CO[C@@H]1[C@@H](OC(=O)c2ccc(C)[nH]2)[C@@H](O)[C@H](Oc2ccc3c(O)c(Cc4ccc(N)cc4)c(=O)oc3c2C)OC1(C)C,4.345199001347309,3.731740000000002,578.6180000000003,42,-7.7,1
CO[C@@H]1[C@@H](OC(=O)c2ccc(C)[nH]2)[C@@H](O)[C@H](Oc2ccc3c(O)c(CCn4c(N)n[nH]c4=O)c(=O)oc3c2C)OC1(C)C,4.666635560517335,1.2684399999999991,599.5970000000002,43,-8.2,1
CNC(=O)c1ccc(-c2c(O)c3ccc(O[C@@H]4OC(C)(C)[C@H](OC)[C@@H](OC(=O)c5ccc(C)[nH]5)[C@H]4O)c(C)c3oc2=O)nc1N,4.533989793193506,2.56254,622.6310000000001,45,-9.5,1
CO[C@@H]1[C@@H](OC(=O)c2ccc(C)[nH]2)[C@@H](O)[C@H](Oc2ccc3c(O)c(-c4cc(N)nc(O)c4)c(=O)oc3c2C)OC1(C)C,4.626960935380291,2.908540000000001,581.5780000000002,42,-9.0,1
CO[C@@H]1[C@@H](OC(=O)c2ccc(C)[nH]2)[C@@H](O)[C@H](Oc2ccc3c(O)c(-c4ccc(C)c(N)c4)c(=O)oc3c2C)OC1(C)C,4.403598393574271,4.116360000000002,578.6180000000003,42,-9.1,1
CO[C@@H]1[C@@H](OC(=O)c2ccc(C)[nH]2)[C@@H](O)[C@H](Oc2ccc3c(O)c(N[C@H]4COC[C@H]4O)c(=O)oc3c2C)OC1(C)C,4.852726638717892,1.730339999999999,574.5830000000002,41,-8.3,1
CO[C@@H]1[C@@H](OC(=O)c2ccc(C)[nH]2)[C@@H](O)[C@H](Oc2ccc3c(O)c(C4CC4N)c(=O)oc3c2C)OC1(C)C,4.717053342679528,2.37334,528.5580000000003,38,-7.5,1
CO[C@@H]1[C@@H](OC(=O)c2ccc(C)[nH]2)[C@@H](O)[C@H](Oc2ccc3c(O)c(CNC(=O)COc4ccc(N)cc4)c(=O)oc3c2C)OC1(C)C,4.418281521541273,2.836140000000001,651.6690000000002,47,-8.8,1
CNC(=O)c1ccc(-c2c(O)c3ccc(O[C@@H]4OC(C)(C)[C@H](OC)[C@@H](OC(=O)c5ccc(C)[nH]5)[C@H]4O)c(C)c3oc2=O)c(C)c1N,4.589966556901001,3.4759600000000006,635.6700000000001,46,-9.9,1
CO[C@@H]1[C@@H](OC(=O)c2ccc(C)[nH]2)[C@@H](O)[C@H](Oc2ccc3c(O)c(Cc4cccc(C(=O)NCCN)c4)c(=O)oc3c2C)OC1(C)C,4.436396551127071,2.8380400000000003,649.6970000000002,47,-8.3,1
C#CC(N)c1c(O)c2ccc(O[C@@H]3OC(C)(C)[C@H](OC)[C@@H](OC(=O)c4ccc(C)[nH]4)[C@H]3O)c(C)c2oc1=O,4.74713149953154,2.19174,526.5420000000003,38,-7.8,1
CO[C@@H]1[C@@H](OC(=O)c2ccc(C)[nH]2)[C@@H](O)[C@H](Oc2ccc3c(O)c(Nc4n[nH]c(=O)[nH]c4=O)c(=O)oc3c2C)OC1(C)C,4.670041949044061,1.0739399999999997,599.5530000000001,43,-8.7,1
CO[C@@H]1[C@@H](OC(=O)c2ccc(C)[nH]2)[C@@H](O)[C@H](Oc2ccc3c(O)c(Nc4cccc(C(=O)NCC(N)=O)c4)c(=O)oc3c2C)OC1(C)C,4.481890460282162,2.51744,664.6680000000001,48,-8.7,1
CO[C@@H]1[C@@H](OC(=O)c2ccc(C)[nH]2)[C@@H](O)[C@H](Oc2ccc3c(O)c(NC(=O)c4cncc(N)n4)c(=O)oc3c2C)OC1(C)C,4.586053474626635,2.18324,609.5920000000001,44,-9.1,1
CO[C@@H]1[C@@H](OC(=O)c2ccc(C)[nH]2)[C@@H](O)[C@H](Oc2ccc3c(O)c(NCc4cccc5ccccc45)c(=O)oc3c2C)OC1(C)C,4.38018375046093,5.3240400000000045,628.6780000000001,46,-9.3,1
CO[C@@H]1[C@@H](OC(=O)c2ccc(C)[nH]2)[C@@H](O)[C@H](Oc2ccc3c(O)c(CNC(=O)c4ccc(N)nn4)c(=O)oc3c2C)OC1(C)C,4.560531622764408,1.86094,623.6190000000001,45,-8.7,1
CCCNc1c(O)c2ccc(O[C@@H]3OC(C)(C)[C@H](OC)[C@@H](OC(=O)c4ccc(C)[nH]4)[C@H]3O)c(C)c2oc1=O,4.391832895967465,3.3806400000000014,530.5740000000003,38,-6.8,1
CO[C@@H]1[C@@H](OC(=O)c2ccc(C)[nH]2)[C@@H](O)[C@H](Oc2ccc3c(O)c(NC(=O)COc4ccc(CN)cc4)c(=O)oc3c2C)OC1(C)C,4.396960574795712,3.034940000000001,651.6690000000002,47,-8.0,1
CO[C@@H]1[C@@H](OC(=O)c2ccc(C)[nH]2)[C@@H](O)[C@H](Oc2ccc3c(O)c(C#CCC(N)C#N)c(=O)oc3c2C)OC1(C)C,4.93326761622828,2.1512200000000004,565.5790000000003,41,-8.4,1
CO[C@@H]1[C@@H](OC(=O)c2ccc(C)[nH]2)[C@@H](O)[C@H](Oc2ccc3c(O)c(-c4ccc5nc(N)ncc5c4)c(=O)oc3c2C)OC1(C)C,4.513307367677561,3.751140000000001,616.6270000000001,45,-9.5,1
CO[C@@H]1[C@@H](OC(=O)c2ccc(C)[nH]2)[C@@H](O)[C@H](Oc2ccc3c(O)c(-c4ncc(CO)cc4N)c(=O)oc3c2C)OC1(C)C,4.621590971208337,2.695240000000001,595.6050000000002,43,-8.8,1
CO[C@@H]1[C@@H](OC(=O)c2ccc(C)[nH]2)[C@@H](O)[C@H](Oc2ccc3c(O)c(C(N)(C(N)=O)C(N)=O)c(=O)oc3c2C)OC1(C)C,4.779730571070688,-0.3166599999999977,588.5700000000003,42,-6.3,1
CO[C@@H]1[C@@H](OC(=O)c2ccc(C)[nH]2)[C@@H](O)[C@H](Oc2ccc3c(O)c(-c4c(N)o[nH]c4=O)c(=O)oc3c2C)OC1(C)C,4.754953885437064,2.08924,571.5390000000002,41,-8.6,1
CO[C@@H]1[C@@H](OC(=O)c2ccc(C)[nH]2)[C@@H](O)[C@H](Oc2ccc3c(O)c(-c4nc(N)oc4C)c(=O)oc3c2C)OC1(C)C,4.654171193129371,3.1043600000000016,569.5670000000002,41,-8.8,1
CO[C@@H]1[C@@H](OC(=O)c2ccc(C)[nH]2)[C@@H](O)[C@H](Oc2ccc3c(O)c(-c4ccc(C(N)=O)cc4N)c(=O)oc3c2C)OC1(C)C,4.468896408510931,2.9068400000000016,607.6160000000002,44,-8.8,1
CO[C@@H]1[C@@H](OC(=O)c2ccc(C)[nH]2)[C@@H](O)[C@H](Oc2ccc3c(O)c(C(O)C(N)(CO)CO)c(=O)oc3c2C)OC1(C)C,4.89027260828999,0.27424,592.5980000000002,42,-7.0,1
CO[C@@H]1[C@@H](OC(=O)c2ccc(C)[nH]2)[C@@H](O)[C@H](Oc2ccc3c(O)c(C4C(O)C(N)CS4(=O)=O)c(=O)oc3c2C)OC1(C)C,5.176814591036472,0.71644,622.6490000000001,43,-8.3,1
CO[C@@H]1[C@@H](OC(=O)c2ccc(C)[nH]2)[C@@H](O)[C@H](Oc2ccc3c(O)c(NC(=O)Cn4cc(N)ccc4=O)c(=O)oc3c2C)OC1(C)C,4.530921598659245,1.9413399999999992,638.6300000000001,46,-8.6,1
CO[C@@H]1[C@@H](OC(=O)c2ccc(C)[nH]2)[C@@H](O)[C@H](Oc2ccc3c(O)c(C(O)C(N)CO)c(=O)oc3c2C)OC1(C)C,4.808144181228934,0.91174,562.5720000000002,40,-7.200000000000001,1
CO[C@@H]1[C@@H](OC(=O)c2ccc(C)[nH]2)[C@@H](O)[C@H](Oc2ccc3c(O)c(NC4CONC4=O)c(=O)oc3c2C)OC1(C)C,4.878842111754878,1.4006399999999994,573.5550000000002,41,-7.9,1
CO[C@@H]1[C@@H](OC(=O)c2ccc(C)[nH]2)[C@@H](O)[C@H](Oc2ccc3c(O)c(-c4cc(=O)n(C)c(N)n4)c(=O)oc3c2C)OC1(C)C,4.591697379793233,1.90164,596.5930000000002,43,-8.7,1
CO[C@@H]1[C@@H](OC(=O)c2ccc(C)[nH]2)[C@@H](O)[C@H](Oc2ccc3c(O)c(-c4cc5ccccc5c(N)n4)c(=O)oc3c2C)OC1(C)C,4.464555613831406,4.356140000000002,615.6390000000001,45,-9.5,1
CO[C@@H]1[C@@H](OC(=O)c2ccc(C)[nH]2)[C@@H](O)[C@H](Oc2ccc3c(O)c(-c4ccc(CN)cn4)c(=O)oc3c2C)OC1(C)C,4.45504794033935,3.0794400000000017,579.6060000000002,42,-8.8,1
CO[C@@H]1[C@@H](OC(=O)c2ccc(C)[nH]2)[C@@H](O)[C@H](Oc2ccc3c(O)c(Nc4nnc(C(N)=O)o4)c(=O)oc3c2C)OC1(C)C,4.699170501847191,1.7842399999999996,599.5530000000001,43,-8.8,1
CO[C@@H]1[C@@H](OC(=O)c2ccc(C)[nH]2)[C@@H](O)[C@H](Oc2ccc3c(O)c(C4CC(N)(C#N)C4)c(=O)oc3c2C)OC1(C)C,4.754537565270743,2.6572200000000006,567.5950000000003,41,-8.6,1
CO[C@@H]1[C@@H](OC(=O)c2ccc(C)[nH]2)[C@@H](O)[C@H](Oc2ccc3c(O)c(OC4COCC4N)c(=O)oc3c2C)OC1(C)C,4.901309484191001,1.6636399999999991,574.5830000000003,41,-8.0,1
CO[C@@H]1[C@@H](OC(=O)c2ccc(C)[nH]2)[C@@H](O)[C@H](Oc2ccc3c(O)c(NC(=O)c4ccc(Cl)c(N)c4)c(=O)oc3c2C)OC1(C)C,4.414249830716958,4.046640000000002,642.0610000000001,45,-9.1,1
CO[C@@H]1[C@@H](OC(=O)c2ccc(C)[nH]2)[C@@H](O)[C@H](Oc2ccc3c(O)c(NC4CC4)c(=O)oc3c2C)OC1(C)C,4.404078753955631,3.133040000000001,528.5580000000003,38,-7.1,1
CO[C@@H]1[C@@H](OC(=O)c2ccc(C)[nH]2)[C@@H](O)[C@H](Oc2ccc3c(O)c(-c4cccc(N)n4)c(=O)oc3c2C)OC1(C)C,4.444483599528281,3.2029400000000017,565.5790000000002,41,-8.7,1
CO[C@@H]1[C@@H](OC(=O)c2ccc(C)[nH]2)[C@@H](O)[C@H](Oc2ccc3c(O)c(-c4ccc5c(N)[nH]nc5n4)c(=O)oc3c2C)OC1(C)C,4.6689114967833145,3.0792400000000013,605.6040000000002,44,-9.6,1
CO[C@@H]1[C@@H](OC(=O)c2ccc(C)[nH]2)[C@@H](O)[C@H](Oc2ccc3c(O)c(-c4cnc5ccc(N)cc5n4)c(=O)oc3c2C)OC1(C)C,4.532182444600636,3.751140000000001,616.6270000000001,45,-9.7,1
CO[C@@H]1[C@@H](OC(=O)c2ccc(C)[nH]2)[C@@H](O)[C@H](Oc2ccc3c(O)c(-c4cnc(C#N)c(N)[n+]4[O-])c(=O)oc3c2C)OC1(C)C,4.939492562357085,1.7080199999999996,607.5760000000001,44,-9.5,1
CO[C@@H]1[C@@H](OC(=O)c2ccc(C)[nH]2)[C@@H](O)[C@H](Oc2ccc3c(O)c(-c4ccc5nc(N)nnc5c4)c(=O)oc3c2C)OC1(C)C,4.580889890754482,3.146140000000001,617.6150000000001,45,-9.4,1
CO[C@@H]1[C@@H](OC(=O)c2ccc(C)[nH]2)[C@@H](O)[C@H](Oc2ccc3c(O)c(-c4ncnc(N)n4)c(=O)oc3c2C)OC1(C)C,4.560685914027943,1.99294,567.5550000000002,41,-8.2,1
C=CCNc1c(O)c2ccc(O[C@@H]3OC(C)(C)[C@H](OC)[C@@H](OC(=O)c4ccc(C)[nH]4)[C@H]3O)c(C)c2oc1=O,4.507237925553263,3.156640000000001,528.5580000000002,38,-7.1,1
CO[C@@H]1[C@@H](OC(=O)c2ccc(C)[nH]2)[C@@H](O)[C@H](Oc2ccc3c(O)c(-c4ccnc(N)c4C#N)c(=O)oc3c2C)OC1(C)C,4.581107398848495,3.074620000000001,590.5890000000002,43,-9.0,1
CO[C@@H]1[C@@H](OC(=O)c2ccc(C)[nH]2)[C@@H](O)[C@H](Oc2ccc3c(O)c(Nc4cccc(NC(=O)CO)c4)c(=O)oc3c2C)OC1(C)C,4.468328832370414,3.233140000000001,637.642,46,-9.2,1
CO[C@@H]1[C@@H](OC(=O)c2ccc(C)[nH]2)[C@@H](O)[C@H](Oc2ccc3c(O)c(OCc4ncc(N)cn4)c(=O)oc3c2C)OC1(C)C,4.568011108598366,2.5099400000000003,596.5930000000002,43,-8.7,1
CO[C@@H]1[C@@H](OC(=O)c2ccc(C)[nH]2)[C@@H](O)[C@H](Oc2ccc3c(O)c(NC(=O)[C@@H](C)N)c(=O)oc3c2C)OC1(C)C,4.537831959689111,1.84444,559.5720000000002,40,-7.0,1
CO[C@@H]1[C@@H](OC(=O)c2ccc(C)[nH]2)[C@@H](O)[C@H](Oc2ccc3c(O)c(CC(=O)N4CC(C)(N)C4)c(=O)oc3c2C)OC1(C)C,4.612921405502272,1.6608399999999992,599.6370000000003,43,-8.7,1
CO[C@@H]1[C@@H](OC(=O)c2ccc(C)[nH]2)[C@@H](O)[C@H](Oc2ccc3c(O)c(OC[C@H](O)CN)c(=O)oc3c2C)OC1(C)C,4.599122079660882,1.2571399999999997,562.5720000000002,40,-7.2,1
CO[C@@H]1[C@@H](OC(=O)c2ccc(C)[nH]2)[C@@H](O)[C@H](Oc2ccc3c(O)c(CC(=O)N4CCC(CN)CC4)c(=O)oc3c2C)OC1(C)C,4.506601970158949,2.29854,627.6910000000003,45,-8.5,1
CO[C@@H]1[C@@H](OC(=O)c2ccc(C)[nH]2)[C@@H](O)[C@H](Oc2ccc3c(O)c(-c4ccc5cc(N)[nH]c(=O)c5c4)c(=O)oc3c2C)OC1(C)C,4.605983587064539,3.649440000000001,631.6380000000001,46,-9.7,1
CO[C@@H]1[C@@H](OC(=O)c2ccc(C)[nH]2)[C@@H](O)[C@H](Oc2ccc3c(O)c(C(N)CO)c(=O)oc3c2C)OC1(C)C,4.593167645909434,1.5508399999999998,532.5460000000003,38,-7.0,1
CO[C@@H]1[C@@H](OC(=O)c2ccc(C)[nH]2)[C@@H](O)[C@H](Oc2ccc3c(O)c(Nc4cccc5ccccc45)c(=O)oc3c2C)OC1(C)C,4.351316220424812,5.4555400000000045,614.6510000000001,45,-8.8,1
CO[C@@H]1[C@@H](OC(=O)c2ccc(C)[nH]2)[C@@H](O)[C@H](Oc2ccc3c(O)c(CCNC(=O)CN)c(=O)oc3c2C)OC1(C)C,4.452380808513986,1.1761400000000004,573.5990000000003,41,-7.4,1
CO[C@@H]1[C@@H](OC(=O)c2ccc(C)[nH]2)[C@@H](O)[C@H](Oc2ccc3c(O)c(OCCN)c(=O)oc3c2C)OC1(C)C,4.399392363423086,1.89624,532.5460000000004,38,-7.9,1
CO[C@@H]1[C@@H](OC(=O)c2ccc(C)[nH]2)[C@@H](O)[C@H](Oc2ccc3c(O)c(Nc4cc(C#N)n[nH]4)c(=O)oc3c2C)OC1(C)C,4.811560141930862,2.897120000000001,579.5660000000001,42,-8.8,1
CO[C@@H]1[C@@H](OC(=O)c2ccc(C)[nH]2)[C@@H](O)[C@H](Oc2ccc3c(O)c(-c4ccc5nc(N)nn5c4)c(=O)oc3c2C)OC1(C)C,4.628964208006518,2.850640000000001,605.6040000000002,44,-9.3,1
CO[C@@H]1[C@@H](OC(=O)c2ccc(C)[nH]2)[C@@H](O)[C@H](Oc2ccc3c(O)c(NCc4ccccc4)c(=O)oc3c2C)OC1(C)C,4.295980137850062,4.170840000000003,578.6180000000002,42,-8.2,1
CO[C@@H]1[C@@H](OC(=O)c2ccc(C)[nH]2)[C@@H](O)[C@H](Oc2ccc3c(O)c(C4CNC(=O)[C@@H]4N)c(=O)oc3c2C)OC1(C)C,4.927123885387152,1.09944,571.5830000000002,41,-7.6,1
CO[C@@H]1[C@@H](OC(=O)c2ccc(C)[nH]2)[C@@H](O)[C@H](Oc2ccc3c(O)c(NCC(=O)NC4CC4)c(=O)oc3c2C)OC1(C)C,4.458645885213067,2.2492400000000004,585.6100000000002,42,-8.0,1
CO[C@@H]1[C@@H](OC(=O)c2ccc(C)[nH]2)[C@@H](O)[C@H](Oc2ccc3c(O)c(Cc4cc(S(N)(=O)=O)cc(N)c4C)c(=O)oc3c2C)OC1(C)C,4.642856878201573,2.6875600000000004,671.7250000000001,47,-9.7,1
C#Cc1ccc(-c2c(O)c3ccc(O[C@@H]4OC(C)(C)[C@H](OC)[C@@H](OC(=O)c5ccc(C)[nH]5)[C@H]4O)c(C)c3oc2=O)nc1N,4.638091362342626,3.18424,589.6010000000001,43,-9.4,1
CO[C@@H]1[C@@H](OC(=O)c2ccc(C)[nH]2)[C@@H](O)[C@H](Oc2ccc3c(O)c(NC(=O)CNC(=O)c4ccc(N)cc4)c(=O)oc3c2C)OC1(C)C,4.41785304769475,2.50944,664.6680000000001,48,-8.1,1
CO[C@@H]1[C@@H](OC(=O)c2ccc(C)[nH]2)[C@@H](O)[C@H](Oc2ccc3c(O)c(-c4cccc(Cc5cccc(N)n5)c4)c(=O)oc3c2C)OC1(C)C,4.529818442747459,4.793740000000003,655.7040000000002,48,-10.0,1
CO[C@@H]1[C@@H](OC(=O)c2ccc(C)[nH]2)[C@@H](O)[C@H](Oc2ccc3c(O)c(-c4ncc5c(=O)[nH][nH]c5c4N)c(=O)oc3c2C)OC1(C)C,4.8565802580001405,2.37254,621.6030000000001,45,-9.9,1
CO[C@@H]1[C@@H](OC(=O)c2ccc(C)[nH]2)[C@@H](O)[C@H](Oc2ccc3c(O)c(-c4nc(C#N)c(N)o4)c(=O)oc3c2C)OC1(C)C,4.694330299928785,2.6676200000000003,580.5500000000003,42,-8.8,1
CO[C@@H]1[C@@H](OC(=O)c2ccc(C)[nH]2)[C@@H](O)[C@H](Oc2ccc3c(O)c(CC(C)NC(=O)CN)c(=O)oc3c2C)OC1(C)C,4.617193940381281,1.5646400000000005,587.6260000000002,42,-7.8,1
CO[C@@H]1[C@@H](OC(=O)c2ccc(C)[nH]2)[C@@H](O)[C@H](Oc2ccc3c(O)c(-c4c(N)[nH][nH]c4=O)c(=O)oc3c2C)OC1(C)C,4.687696193129371,1.82434,570.5550000000002,41,-8.3,1
CO[C@@H]1[C@@H](OC(=O)c2ccc(C)[nH]2)[C@@H](O)[C@H](Oc2ccc3c(O)c(NCCN4CCOCC4)c(=O)oc3c2C)OC1(C)C,4.466625012929329,2.30284,601.6530000000002,43,-8.4,1
CO[C@@H]1[C@@H](OC(=O)c2ccc(C)[nH]2)[C@@H](O)[C@H](Oc2ccc3c(O)c(CC(=O)NCc4ccc(N)cc4)c(=O)oc3c2C)OC1(C)C,4.399397881431589,2.9998400000000016,635.6700000000002,46,-9.0,1
CO[C@@H]1[C@@H](OC(=O)c2ccc(C)[nH]2)[C@@H](O)[C@H](Oc2ccc3c(O)c(C[C@@H](N)C(N)=O)c(=O)oc3c2C)OC1(C)C,4.613256318663469,0.9138400000000004,559.5720000000002,40,-6.8,1
CO[C@@H]1[C@@H](OC(=O)c2ccc(C)[nH]2)[C@@H](O)[C@H](Oc2ccc3c(O)c(C(CN)(CO)CO)c(=O)oc3c2C)OC1(C)C,4.781352949886127,0.7398399999999998,576.5990000000003,41,-7.4,1
CO[C@@H]1[C@@H](OC(=O)c2ccc(C)[nH]2)[C@@H](O)[C@H](Oc2ccc3c(O)c(-c4cccc5c4Cc4cc(N)ccc4-5)c(=O)oc3c2C)OC1(C)C,4.579468270531615,5.379140000000004,652.7000000000002,48,-10.1,1
CO[C@@H]1[C@@H](OC(=O)c2ccc(C)[nH]2)[C@@H](O)[C@H](Oc2ccc3c(O)c(-c4cc(N)c(C)c(F)c4)c(=O)oc3c2C)OC1(C)C,4.506935249615719,4.255460000000003,596.6080000000002,43,-9.3,1
CO[C@@H]1[C@@H](OC(=O)c2ccc(C)[nH]2)[C@@H](O)[C@H](Oc2ccc3c(O)c(OCC(N)CO)c(=O)oc3c2C)OC1(C)C,4.630026949103366,1.25714,562.5720000000002,40,-7.5,1
CO[C@@H]1[C@@H](OC(=O)c2ccc(C)[nH]2)[C@@H](O)[C@H](Oc2ccc3c(O)c(-c4ncc(C(N)=O)c(N)n4)c(=O)oc3c2C)OC1(C)C,4.599532562357084,1.69684,609.5920000000001,44,-9.4,1
CO[C@@H]1[C@@H](OC(=O)c2ccc(C)[nH]2)[C@@H](O)[C@H](Oc2ccc3c(O)c(CC(=O)NCCN)c(=O)oc3c2C)OC1(C)C,4.430401275546953,1.1761400000000004,573.5990000000003,41,-7.3,1
CO[C@@H]1[C@@H](OC(=O)c2ccc(C)[nH]2)[C@@H](O)[C@H](Oc2ccc3c(O)c(-c4nc(N)nnc4C)c(=O)oc3c2C)OC1(C)C,4.625455918657884,2.30136,581.5820000000002,42,-8.7,1
CO[C@@H]1[C@@H](OC(=O)c2ccc(C)[nH]2)[C@@H](O)[C@H](Oc2ccc3c(O)c(CNS(=O)(=O)NCCN)c(=O)oc3c2C)OC1(C)C,4.644134066183767,0.4414400000000016,624.6690000000001,43,-7.3,1
CO[C@@H]1[C@@H](OC(=O)c2ccc(C)[nH]2)[C@@H](O)[C@H](Oc2ccc3c(O)c(OCc4ccc(N)nc4)c(=O)oc3c2C)OC1(C)C,4.447592621203407,3.1149400000000016,595.6050000000002,43,-8.0,1
CO[C@@H]1[C@@H](OC(=O)c2ccc(C)[nH]2)[C@@H](O)[C@H](Oc2ccc3c(O)c(OCCCCN)c(=O)oc3c2C)OC1(C)C,4.382767017609182,2.6764400000000013,560.6000000000004,40,-7.3,1
CO[C@@H]1[C@@H](OC(=O)c2ccc(C)[nH]2)[C@@H](O)[C@H](Oc2ccc3c(O)c(-c4ccc5oc(=O)[nH]c5c4N)c(=O)oc3c2C)OC1(C)C,4.7277049478264415,3.242440000000001,621.5990000000002,45,-9.9,1
CO[C@@H]1[C@@H](OC(=O)c2ccc(C)[nH]2)[C@@H](O)[C@H](Oc2ccc3c(O)c(Nc4cc(S(N)(=O)=O)ccc4C)c(=O)oc3c2C)OC1(C)C,4.498673879977925,3.258160000000002,657.6980000000001,46,-9.3,1
CNC(=O)c1cc(N)c(-c2c(O)c3ccc(O[C@@H]4OC(C)(C)[C@H](OC)[C@@H](OC(=O)c5ccc(C)[nH]5)[C@H]4O)c(C)c3oc2=O)cc1O,4.596931726131771,2.8731400000000007,637.6420000000003,46,-9.7,1
CO[C@@H]1[C@@H](OC(=O)c2ccc(C)[nH]2)[C@@H](O)[C@H](Oc2ccc3c(O)c(-c4ncc(N)c(=O)[nH]4)c(=O)oc3c2C)OC1(C)C,4.61976213939367,1.89124,582.5660000000003,42,-8.6,1
CO[C@@H]1[C@@H](OC(=O)c2ccc(C)[nH]2)[C@@H](O)[C@H](Oc2ccc3c(O)c(Nc4cnn(CC(=O)NCCO)c4)c(=O)oc3c2C)OC1(C)C,4.627921876570858,1.607339999999999,655.6610000000002,47,-8.5,1
CO[C@@H]1[C@@H](OC(=O)c2ccc(C)[nH]2)[C@@H](O)[C@H](Oc2ccc3c(O)c(OCc4cc(N)ccc4C)c(=O)oc3c2C)OC1(C)C,4.434060467633628,4.028360000000003,608.6440000000002,44,-9.0,1
CO[C@@H]1[C@@H](OC(=O)c2ccc(C)[nH]2)[C@@H](O)[C@H](Oc2ccc3c(O)c(NCCc4cccc(S(N)(=O)=O)c4)c(=O)oc3c2C)OC1(C)C,4.508949323935659,2.8607400000000016,671.7250000000001,47,-9.3,1
CO[C@@H]1[C@@H](OC(=O)c2ccc(C)[nH]2)[C@@H](O)[C@H](Oc2ccc3c(O)c(-c4ccc(F)c(N)n4)c(=O)oc3c2C)OC1(C)C,4.512843343407047,3.3420400000000017,583.5690000000002,42,-9.1,1
CO[C@@H]1[C@@H](OC(=O)c2ccc(C)[nH]2)[C@@H](O)[C@H](Oc2ccc3c(O)c(-c4ccc(S(=O)(=O)NCCN)cc4)c(=O)oc3c2C)OC1(C)C,4.476999055599345,2.462740000000001,671.7250000000001,47,-8.7,1
CO[C@@H]1[C@@H](OC(=O)c2ccc(C)[nH]2)[C@@H](O)[C@H](Oc2ccc3c(O)c(Nc4cccc(-c5noc(C)n5)c4)c(=O)oc3c2C)OC1(C)C,4.537326556999062,4.6607600000000025,646.6530000000001,47,-9.9,1
CO[C@@H]1[C@@H](OC(=O)c2ccc(C)[nH]2)[C@@H](O)[C@H](Oc2ccc3c(O)c(CNC(=O)Cn4cnc(N)n4)c(=O)oc3c2C)OC1(C)C,4.6072958907544805,1.0488399999999998,626.6230000000002,45,-7.9,1
CO[C@@H]1[C@@H](OC(=O)c2ccc(C)[nH]2)[C@@H](O)[C@H](Oc2ccc3c(O)c(-c4nc5c(N)cccc5[nH]4)c(=O)oc3c2C)OC1(C)C,4.557793842306644,3.6842400000000017,604.6160000000001,44,-9.5,1
CO[C@@H]1[C@@H](OC(=O)c2ccc(C)[nH]2)[C@@H](O)[C@H](Oc2ccc3c(O)c(NC(=O)c4c(N)cnn4C)c(=O)oc3c2C)OC1(C)C,4.577624485434008,2.126739999999999,611.6080000000001,44,-8.5,1
CO[C@@H]1[C@@H](OC(=O)c2ccc(C)[nH]2)[C@@H](O)[C@H](Oc2ccc3c(O)c(Nc4ccc(-c5ccccc5)cc4)c(=O)oc3c2C)OC1(C)C,4.309264732945254,5.969340000000005,640.6890000000001,47,-8.4,1
CO[C@@H]1[C@@H](OC(=O)c2ccc(C)[nH]2)[C@@H](O)[C@H](Oc2ccc3c(O)c(CNC(=O)c4cccc(CN)c4)c(=O)oc3c2C)OC1(C)C,4.404270201237768,2.947440000000001,635.6700000000002,46,-8.2,1
CO[C@@H]1[C@@H](OC(=O)c2ccc(C)[nH]2)[C@@H](O)[C@H](Oc2ccc3c(O)c(-c4nccc(CN)n4)c(=O)oc3c2C)OC1(C)C,4.563092104795583,2.4744400000000004,580.5940000000003,42,-8.3,1
CO[C@@H]1[C@@H](OC(=O)c2ccc(C)[nH]2)[C@@H](O)[C@H](Oc2ccc3c(O)c(C4(N)CC4)c(=O)oc3c2C)OC1(C)C,4.556306383644836,2.506540000000001,528.5580000000003,38,-6.7,1
CO[C@@H]1[C@@H](OC(=O)c2ccc(C)[nH]2)[C@@H](O)[C@H](Oc2ccc3c(O)c(NCC(=O)NCCO)c(=O)oc3c2C)OC1(C)C,4.481838794912065,1.0791399999999998,589.5980000000002,42,-7.6,1
CO[C@@H]1[C@@H](OC(=O)c2ccc(C)[nH]2)[C@@H](O)[C@H](Oc2ccc3c(O)c(CC(N)(CO)CO)c(=O)oc3c2C)OC1(C)C,4.679652326185504,0.7833399999999995,576.5990000000003,41,-7.3,1
CO[C@@H]1[C@@H](OC(=O)c2ccc(C)[nH]2)[C@@H](O)[C@H](Oc2ccc3c(O)c(-c4cc5ncnc(N)n5n4)c(=O)oc3c2C)OC1(C)C,4.697777322760616,2.24564,606.5920000000001,44,-9.1,1
CO[C@@H]1[C@@H](OC(=O)c2ccc(C)[nH]2)[C@@H](O)[C@H](Oc2ccc3c(O)c(-c4ccc(CO)c(N)c4O)c(=O)oc3c2C)OC1(C)C,4.650377946972469,3.005840000000001,610.6160000000001,44,-9.5,1
CO[C@@H]1[C@@H](OC(=O)c2ccc(C)[nH]2)[C@@H](O)[C@H](Oc2ccc3c(O)c(-c4cc5[nH]c(=O)[nH]c5c(N)n4)c(=O)oc3c2C)OC1(C)C,4.722981622764408,2.37254,621.6030000000001,45,-9.6,1
CO[C@@H]1[C@@H](OC(=O)c2ccc(C)[nH]2)[C@@H](O)[C@H](Oc2ccc3c(O)c(CNC(=O)N4CCC(N)CC4)c(=O)oc3c2C)OC1(C)C,4.533691300183762,2.191439999999999,628.6790000000002,45,-8.4,1
CO[C@@H]1[C@@H](OC(=O)c2ccc(C)[nH]2)[C@@H](O)[C@H](Oc2ccc3c(O)c(NCCCc4ccccc4)c(=O)oc3c2C)OC1(C)C,4.338890901944327,4.603440000000004,606.6720000000001,44,-8.3,1
CO[C@@H]1[C@@H](OC(=O)c2ccc(C)[nH]2)[C@@H](O)[C@H](Oc2ccc3c(O)c(CN4CCN(C(=O)CCN)CC4)c(=O)oc3c2C)OC1(C)C,4.500186978948246,1.5517400000000006,642.7060000000004,46,-8.1,1
CO[C@@H]1[C@@H](OC(=O)c2ccc(C)[nH]2)[C@@H](O)[C@H](Oc2ccc3c(O)c(Cc4ccc(CN)cc4)c(=O)oc3c2C)OC1(C)C,4.353445756303601,3.608240000000002,592.6450000000002,43,-8.4,1
CO[C@@H]1[C@@H](OC(=O)c2ccc(C)[nH]2)[C@@H](O)[C@H](Oc2ccc3c(O)c(NC(=O)c4ccc(CN)cc4)c(=O)oc3c2C)OC1(C)C,4.353715865940586,3.269740000000001,621.6430000000001,45,-7.8,1
CO[C@@H]1[C@@H](OC(=O)c2ccc(C)[nH]2)[C@@H](O)[C@H](Oc2ccc3c(O)c(-c4ccc(N)nc4)c(=O)oc3c2C)OC1(C)C,4.436612122332911,3.202940000000001,565.5790000000002,41,-8.6,1
CO[C@@H]1[C@@H](OC(=O)c2ccc(C)[nH]2)[C@@H](O)[C@H](Oc2ccc3c(O)c(-c4ccc5nc(N)[nH]c(=O)c5c4)c(=O)oc3c2C)OC1(C)C,4.574762145513965,3.0444400000000007,632.6260000000001,46,-9.6,1
CO[C@@H]1[C@@H](OC(=O)c2ccc(C)[nH]2)[C@@H](O)[C@H](Oc2ccc3c(O)c(C#CCC(N)CO)c(=O)oc3c2C)OC1(C)C,4.862479154689819,1.61994,570.5950000000003,41,-7.9,1
CO[C@@H]1[C@@H](OC(=O)c2ccc(C)[nH]2)[C@@H](O)[C@H](Oc2ccc3c(O)c(-c4cc(N)c5c(=O)[nH]c(=O)[nH]c5c4)c(=O)oc3c2C)OC1(C)C,4.687821238068038,2.33774,648.6250000000001,47,-10.2,1
CO[C@@H]1[C@@H](OC(=O)c2ccc(C)[nH]2)[C@@H](O)[C@H](Oc2ccc3c(O)c(OCc4ccc(N)cc4)c(=O)oc3c2C)OC1(C)C,4.341705614092871,3.719940000000002,594.6170000000002,43,-8.7,1
CO[C@@H]1[C@@H](OC(=O)c2ccc(C)[nH]2)[C@@H](O)[C@H](Oc2ccc3c(O)c(NCCN4CCNC(=O)C4)c(=O)oc3c2C)OC1(C)C,4.599505948233503,1.4024400000000006,614.6520000000002,44,-8.3,1
CO[C@@H]1[C@@H](OC(=O)c2ccc(C)[nH]2)[C@@H](O)[C@H](Oc2ccc3c(O)c(OCCn4c(N)cc(=O)[nH]c4=O)c(=O)oc3c2C)OC1(C)C,4.644919400857047,1.0699400000000003,642.6180000000002,46,-8.0,1
CO[C@@H]1[C@@H](OC(=O)c2ccc(C)[nH]2)[C@@H](O)[C@H](Oc2ccc3c(O)c(-c4ccc5nc(N)c(C#N)c(C)c5c4)c(=O)oc3c2C)OC1(C)C,4.635179970771674,4.536240000000003,654.6760000000002,48,-10.3,1
CO[C@@H]1[C@@H](OC(=O)c2ccc(C)[nH]2)[C@@H](O)[C@H](Oc2ccc3c(O)c(NC(=O)Cn4ccc(N)n4)c(=O)oc3c2C)OC1(C)C,4.539102425675585,1.9761399999999991,611.6080000000001,44,-8.4,1
CO[C@@H]1[C@@H](OC(=O)c2ccc(C)[nH]2)[C@@H](O)[C@H](Oc2ccc3c(O)c(Cc4nccc(CN)n4)c(=O)oc3c2C)OC1(C)C,4.589629725275805,2.3982400000000004,594.6210000000002,43,-8.5,1
CO[C@@H]1[C@@H](OC(=O)c2ccc(C)[nH]2)[C@@H](O)[C@H](Oc2ccc3c(O)c(-c4cc(-c5cccc(N)c5)ccn4)c(=O)oc3c2C)OC1(C)C,4.489244466570408,4.869940000000002,641.6770000000001,47,-9.7,1
CO[C@@H]1[C@@H](OC(=O)c2ccc(C)[nH]2)[C@@H](O)[C@H](Oc2ccc3c(O)c(Nc4ccccc4)c(=O)oc3c2C)OC1(C)C,4.289359351024107,4.302340000000003,564.5910000000001,41,-8.2,1
CNS(=O)(=O)NCC(N)c1c(O)c2ccc(O[C@@H]3OC(C)(C)[C@H](OC)[C@@H](OC(=O)c4ccc(C)[nH]4)[C@H]3O)c(C)c2oc1=O,4.822682573769806,0.6123400000000023,624.6690000000003,43,-8.1,1
CO[C@@H]1[C@@H](OC(=O)c2ccc(C)[nH]2)[C@@H](O)[C@H](Oc2ccc3c(O)c(CC(=O)NCc4ccc(CN)cc4)c(=O)oc3c2C)OC1(C)C,4.412240338109321,2.876340000000001,649.6970000000002,47,-8.9,1
CO[C@@H]1[C@@H](OC(=O)c2ccc(C)[nH]2)[C@@H](O)[C@H](Oc2ccc3c(O)c(-c4cnc(N)c(-c5nnn[nH]5)c4)c(=O)oc3c2C)OC1(C)C,4.781749054016387,2.3830399999999994,633.618,46,-9.9,1
CO[C@@H]1[C@@H](OC(=O)c2ccc(C)[nH]2)[C@@H](O)[C@H](Oc2ccc3c(O)c(-c4cn5c(N)nnc5cn4)c(=O)oc3c2C)OC1(C)C,4.738643905358345,2.24564,606.5920000000001,44,-9.5,1
CO[C@@H]1[C@@H](OC(=O)c2ccc(C)[nH]2)[C@@H](O)[C@H](Oc2ccc3c(O)c(-c4nn5c(N)nnc5[nH]4)c(=O)oc3c2C)OC1(C)C,4.916951638656544,1.573739999999999,595.5690000000002,43,-9.0,1
CO[C@@H]1[C@@H](OC(=O)c2ccc(C)[nH]2)[C@@H](O)[C@H](Oc2ccc3c(O)c(-c4ccc5nnc(N)nc5c4)c(=O)oc3c2C)OC1(C)C,4.586922383062174,3.146140000000001,617.6150000000001,45,-9.6,1
CO[C@@H]1[C@@H](OC(=O)c2ccc(C)[nH]2)[C@@H](O)[C@H](Oc2ccc3c(O)c(-c4cc(N)c(C#N)c(F)c4)c(=O)oc3c2C)OC1(C)C,4.611476023895547,3.8187200000000017,607.5910000000001,44,-9.8,1
CO[C@@H]1[C@@H](OC(=O)c2ccc(C)[nH]2)[C@@H](O)[C@H](Oc2ccc3c(O)c(-c4n[nH]c(N)nc4=O)c(=O)oc3c2C)OC1(C)C,4.623763075848519,1.2862399999999994,583.5540000000002,42,-8.2,1
CO[C@@H]1[C@@H](OC(=O)c2ccc(C)[nH]2)[C@@H](O)[C@H](Oc2ccc3c(O)c(C4OCC(O)C4N)c(=O)oc3c2C)OC1(C)C,5.02693732296065,1.3182399999999996,574.5830000000002,41,-8.3,1
CO[C@@H]1[C@@H](OC(=O)c2ccc(C)[nH]2)[C@@H](O)[C@H](Oc2ccc3c(O)c(-c4ccc(O)c(N)c4)c(=O)oc3c2C)OC1(C)C,4.447470233039153,3.5135400000000008,580.5900000000003,42,-9.0,1
CO[C@@H]1[C@@H](OC(=O)c2ccc(C)[nH]2)[C@@H](O)[C@H](Oc2ccc3c(O)c(-c4cn(CC(N)=O)nc4N)c(=O)oc3c2C)OC1(C)C,4.662271793126316,1.4897399999999994,611.6080000000002,44,-8.6,1
CNC(=O)Cc1ccc(-c2c(O)c3ccc(O[C@@H]4OC(C)(C)[C@H](OC)[C@@H](OC(=O)c5ccc(C)[nH]5)[C@H]4O)c(C)c3oc2=O)c(N)c1,4.534172148109793,3.0964399999999994,635.6700000000001,46,-9.6,1
CO[C@@H]1[C@@H](OC(=O)c2ccc(C)[nH]2)[C@@H](O)[C@H](Oc2ccc3c(O)c(-c4nnc5nnc(N)n5n4)c(=O)oc3c2C)OC1(C)C,4.784481484172975,1.035639999999999,608.5680000000001,44,-8.9,1
CO[C@@H]1[C@@H](OC(=O)c2ccc(C)[nH]2)[C@@H](O)[C@H](Oc2ccc3c(O)c(-c4cc(O)c(N)c(O)c4)c(=O)oc3c2C)OC1(C)C,4.609561285118678,3.219140000000002,596.5890000000002,43,-9.2,1
CO[C@@H]1[C@@H](OC(=O)c2ccc(C)[nH]2)[C@@H](O)[C@H](Oc2ccc3c(O)c(CC(=O)NCc4ccc(N)c(=O)[nH]4)c(=O)oc3c2C)OC1(C)C,4.673421238068038,1.6881399999999995,652.6570000000002,47,-8.8,1
CO[C@@H]1[C@@H](OC(=O)c2ccc(C)[nH]2)[C@@H](O)[C@H](Oc2ccc3c(O)c(Nc4cc(-c5ccccc5)ccc4C)c(=O)oc3c2C)OC1(C)C,4.3840938732870685,6.277760000000005,654.716,48,-9.4,1
CO[C@@H]1[C@@H](OC(=O)c2ccc(C)[nH]2)[C@@H](O)[C@H](Oc2ccc3c(O)c(-c4n[nH]cc4N)c(=O)oc3c2C)OC1(C)C,4.722365339287505,2.53104,554.5560000000002,40,-8.2,1
CO[C@@H]1[C@@H](OC(=O)c2ccc(C)[nH]2)[C@@H](O)[C@H](Oc2ccc3c(O)c(CCn4c(N)cc(=O)[nH]c4=O)c(=O)oc3c2C)OC1(C)C,4.659719624337972,1.2336399999999996,626.6190000000001,45,-8.1,1
CO[C@@H]1[C@@H](OC(=O)c2ccc(C)[nH]2)[C@@H](O)[C@H](Oc2ccc3c(O)c(-c4cc(NC(N)=O)ccc4N)c(=O)oc3c2C)OC1(C)C,4.5010134329683655,3.298540000000002,622.6310000000001,45,-9.5,1
CO[C@@H]1[C@@H](OC(=O)c2ccc(C)[nH]2)[C@@H](O)[C@H](Oc2ccc3c(O)c(Cc4cccc(-c5cccc(N)c5)c4)c(=O)oc3c2C)OC1(C)C,4.419921313011523,5.398740000000004,654.7160000000001,48,-9.9,1
CO[C@@H]1[C@@H](OC(=O)c2ccc(C)[nH]2)[C@@H](O)[C@H](Oc2ccc3c(O)c(-c4nc(N)n(C)n4)c(=O)oc3c2C)OC1(C)C,4.638505259063437,1.9364399999999995,569.5710000000003,41,-8.5,1
CO[C@@H]1[C@@H](OC(=O)c2ccc(C)[nH]2)[C@@H](O)[C@H](Oc2ccc3c(O)c(OCCNC(=O)c4ccc(N)cc4)c(=O)oc3c2C)OC1(C)C,4.405903060002811,2.949740000000001,651.6690000000002,47,-8.4,1
CO[C@@H]1[C@@H](OC(=O)c2ccc(C)[nH]2)[C@@H](O)[C@H](Oc2ccc3c(O)c(C[C@H](N)Cc4nnn[nH]4)c(=O)oc3c2C)OC1(C)C,4.922567688452284,1.18434,598.6130000000002,43,-8.0,1
CO[C@@H]1[C@@H](OC(=O)c2ccc(C)[nH]2)[C@@H](O)[C@H](Oc2ccc3c(O)c(C4(N)CN(C#N)C4)c(=O)oc3c2C)OC1(C)C,4.844578729511907,1.5094199999999995,568.5830000000003,41,-7.6,1
CO[C@@H]1[C@@H](OC(=O)c2ccc(C)[nH]2)[C@@H](O)[C@H](Oc2ccc3c(O)c(C4(N)COC4)c(=O)oc3c2C)OC1(C)C,4.638522548337093,1.74294,544.5570000000004,39,-7.6,1
CO[C@@H]1[C@@H](OC(=O)c2ccc(C)[nH]2)[C@@H](O)[C@H](Oc2ccc3c(O)c(Nc4cccc(C)c4)c(=O)oc3c2C)OC1(C)C,4.349278842196114,4.610760000000004,578.6180000000002,42,-8.5,1
CO[C@@H]1[C@@H](OC(=O)c2ccc(C)[nH]2)[C@@H](O)[C@H](Oc2ccc3c(O)c(Cn4nnnc4N)c(=O)oc3c2C)OC1(C)C,4.5987787663084045,1.1757399999999996,570.5590000000002,41,-7.7,1
CO[C@@H]1[C@@H](OC(=O)c2ccc(C)[nH]2)[C@@H](O)[C@H](Oc2ccc3c(O)c(NC(=O)c4cccnc4N)c(=O)oc3c2C)OC1(C)C,4.440180238771579,2.788240000000001,608.6040000000002,44,-9.1,1
CO[C@@H]1[C@@H](OC(=O)c2ccc(C)[nH]2)[C@@H](O)[C@H](Oc2ccc3c(O)c(-c4ccc5[nH]c(=O)[nH]c5c4N)c(=O)oc3c2C)OC1(C)C,4.700319712094432,2.977540000000001,620.6150000000001,45,-9.7,1
CO[C@@H]1[C@@H](OC(=O)c2ccc(C)[nH]2)[C@@H](O)[C@H](Oc2ccc3c(O)c(CC(C)N)c(=O)oc3c2C)OC1(C)C,4.545379595125266,2.4484400000000006,530.5740000000003,38,-7.4,1
CO[C@@H]1[C@@H](OC(=O)c2ccc(C)[nH]2)[C@@H](O)[C@H](Oc2ccc3c(O)c(Cc4ccc(N)nc4)c(=O)oc3c2C)OC1(C)C,4.451914651214681,3.1267400000000016,579.6060000000002,42,-8.4,1
CO[C@@H]1[C@@H](OC(=O)c2ccc(C)[nH]2)[C@@H](O)[C@H](Oc2ccc3c(O)c(COC(=O)c4nccnc4N)c(=O)oc3c2C)OC1(C)C,4.573101473881033,2.28794,624.6030000000002,45,-8.9,1
CO[C@@H]1[C@@H](OC(=O)c2ccc(C)[nH]2)[C@@H](O)[C@H](Oc2ccc3c(O)c(CCN(C)C(=O)CN)c(=O)oc3c2C)OC1(C)C,4.548285494436795,1.5183399999999994,587.6260000000003,42,-7.7,1
CO[C@@H]1[C@@H](OC(=O)c2ccc(C)[nH]2)[C@@H](O)[C@H](Oc2ccc3c(O)c(Nc4nnnn4C)c(=O)oc3c2C)OC1(C)C,4.60651668325871,1.82584,570.5590000000002,41,-8.3,1
CO[C@@H]1[C@@H](OC(=O)c2ccc(C)[nH]2)[C@@H](O)[C@H](Oc2ccc3c(O)c(-c4nc(N)cc(O)n4)c(=O)oc3c2C)OC1(C)C,4.65528535009601,2.30354,582.5660000000003,42,-9.3,1
CO[C@@H]1[C@@H](OC(=O)c2ccc(C)[nH]2)[C@@H](O)[C@H](Oc2ccc3c(O)c(-c4cc5[nH]ccc5cc4N)c(=O)oc3c2C)OC1(C)C,4.609925746468056,4.289240000000002,603.6280000000002,44,-9.5,1
CO[C@@H]1[C@@H](OC(=O)c2ccc(C)[nH]2)[C@@H](O)[C@H](Oc2ccc3c(O)c(Nc4c(O)c(=O)c4=O)c(=O)oc3c2C)OC1(C)C,4.636978611845702,1.6039399999999997,584.5340000000002,42,-8.4,1
CO[C@@H]1[C@@H](OC(=O)c2ccc(C)[nH]2)[C@@H](O)[C@H](Oc2ccc3c(O)c(-c4cnc(C)c(N)n4)c(=O)oc3c2C)OC1(C)C,4.593090835045842,2.906360000000001,580.5940000000003,42,-8.9,1
CO[C@@H]1[C@@H](OC(=O)c2ccc(C)[nH]2)[C@@H](O)[C@H](Oc2ccc3c(O)c(COc4ccc(CN)cc4)c(=O)oc3c2C)OC1(C)C,4.369556515698825,3.596440000000002,608.6440000000002,44,-8.2,1
CO[C@@H]1[C@@H](OC(=O)c2ccc(C)[nH]2)[C@@H](O)[C@H](Oc2ccc3c(O)c(C4(CN)CN(C(N)=O)CCO4)c(=O)oc3c2C)OC1(C)C,4.950515796163764,1.1236400000000013,630.6510000000003,45,-9.0,1
CO[C@@H]1[C@@H](OC(=O)c2ccc(C)[nH]2)[C@@H](O)[C@H](Oc2ccc3c(O)c(C4CCc5nc(N)nc(C)c5C4)c(=O)oc3c2C)OC1(C)C,4.849299958030542,3.511860000000002,634.6860000000003,46,-10.0,1
CO[C@@H]1[C@@H](OC(=O)c2ccc(C)[nH]2)[C@@H](O)[C@H](Oc2ccc3c(O)c(Cn4nc(N)c(=O)n(C)c4=O)c(=O)oc3c2C)OC1(C)C,4.68291688697138,0.4446400000000006,627.6070000000002,45,-8.8,1
CO[C@@H]1[C@@H](OC(=O)c2ccc(C)[nH]2)[C@@H](O)[C@H](Oc2ccc3c(O)c(-c4n[nH]c(C(=O)NCC(N)=O)c4N)c(=O)oc3c2C)OC1(C)C,4.772865661703994,0.7461400000000007,654.6330000000002,47,-9.0,1
CO[C@@H]1[C@@H](OC(=O)c2ccc(C)[nH]2)[C@@H](O)[C@H](Oc2ccc3c(O)c(-c4cc(N)ccc4F)c(=O)oc3c2C)OC1(C)C,4.422181136049186,3.947040000000002,582.5810000000002,42,-8.9,1
CO[C@@H]1[C@@H](OC(=O)c2ccc(C)[nH]2)[C@@H](O)[C@H](Oc2ccc3c(O)c(CCOC(=O)c4[nH]c(=O)[nH]c(=O)c4N)c(=O)oc3c2C)OC1(C)C,4.75725841522798,0.9170400000000002,670.628,48,-9.3,1
CO[C@@H]1[C@@H](OC(=O)c2ccc(C)[nH]2)[C@@H](O)[C@H](Oc2ccc3c(O)c(CNC(=O)N4CC(N)C4)c(=O)oc3c2C)OC1(C)C,4.545782586893825,1.41124,600.6250000000002,43,-8.2,1
CO[C@@H]1[C@@H](OC(=O)c2ccc(C)[nH]2)[C@@H](O)[C@H](Oc2ccc3c(O)c(NC(=O)c4nccnc4N)c(=O)oc3c2C)OC1(C)C,4.522674707938776,2.18324,609.5920000000001,44,-8.3,1
CO[C@@H]1[C@@H](OC(=O)c2ccc(C)[nH]2)[C@@H](O)[C@H](Oc2ccc3c(O)c(C(O)C(O)C(C)N)c(=O)oc3c2C)OC1(C)C,4.946025120163448,1.30024,576.5990000000002,41,-8.1,1
CO[C@@H]1[C@@H](OC(=O)c2ccc(C)[nH]2)[C@@H](O)[C@H](Oc2ccc3c(O)c(-c4ccc5c(c4N)C(=O)NC5=O)c(=O)oc3c2C)OC1(C)C,4.663589730527376,2.6915400000000007,633.6100000000001,46,-9.6,1
CO[C@@H]1[C@@H](OC(=O)c2ccc(C)[nH]2)[C@@H](O)[C@H](Oc2ccc3c(O)c(NCCO)c(=O)oc3c2C)OC1(C)C,4.434023724369832,1.96294,532.5460000000003,38,-6.5,1
CO[C@@H]1[C@@H](OC(=O)c2ccc(C)[nH]2)[C@@H](O)[C@H](Oc2ccc3c(O)c(-c4ccc(N)cc4)c(=O)oc3c2C)OC1(C)C,4.328081557322699,3.807940000000002,564.5910000000002,41,-7.5,1
CO[C@@H]1[C@@H](OC(=O)c2ccc(C)[nH]2)[C@@H](O)[C@H](Oc2ccc3c(O)c(-c4ncnc(N)c4O)c(=O)oc3c2C)OC1(C)C,4.633302473841829,2.30354,582.5660000000003,42,-8.9,1
CO[C@@H]1[C@@H](OC(=O)c2ccc(C)[nH]2)[C@@H](O)[C@H](Oc2ccc3c(O)c(C4(N)CONC4=O)c(=O)oc3c2C)OC1(C)C,5.020647973371137,0.77414,573.5550000000003,41,-7.8,1
CO[C@@H]1[C@@H](OC(=O)c2ccc(C)[nH]2)[C@@H](O)[C@H](Oc2ccc3c(O)c(NC4CCCC4)c(=O)oc3c2C)OC1(C)C,4.400153352895517,3.9132400000000014,556.6120000000003,40,-8.3,1
CO[C@@H]1[C@@H](OC(=O)c2ccc(C)[nH]2)[C@@H](O)[C@H](Oc2ccc3c(O)c(-c4cc(O)c(N)c(F)c4)c(=O)oc3c2C)OC1(C)C,4.576487912337613,3.6526400000000017,598.5800000000002,43,-9.2,1
CO[C@@H]1[C@@H](OC(=O)c2ccc(C)[nH]2)[C@@H](O)[C@H](Oc2ccc3c(O)c(-c4ccc(C(N)=O)c(N)n4)c(=O)oc3c2C)OC1(C)C,4.541640639280162,2.3018400000000003,608.6040000000002,44,-8.1,1
CO[C@@H]1[C@@H](OC(=O)c2ccc(C)[nH]2)[C@@H](O)[C@H](Oc2ccc3c(O)c(NCCN4CCN(S(C)(=O)=O)CC4)c(=O)oc3c2C)OC1(C)C,4.562219449159273,1.5478400000000012,678.7610000000001,47,-8.7,1
COc1ccc(-c2c(O)c3ccc(O[C@@H]4OC(C)(C)[C@H](OC)[C@@H](OC(=O)c5ccc(C)[nH]5)[C@H]4O)c(C)c3oc2=O)c(N)c1,4.4193995761627045,3.8165400000000016,594.6170000000002,43,-8.9,1
CO[C@@H]1[C@@H](OC(=O)c2ccc(C)[nH]2)[C@@H](O)[C@H](Oc2ccc3c(O)c(-c4ccc5c(c4N)NC(=O)C5)c(=O)oc3c2C)OC1(C)C,4.704229017305351,3.3025400000000014,619.6270000000002,45,-9.9,1
CO[C@@H]1[C@@H](OC(=O)c2ccc(C)[nH]2)[C@@H](O)[C@H](Oc2ccc3c(O)c(CN4CC(N)C(=O)N4)c(=O)oc3c2C)OC1(C)C,4.9639888814127895,0.7328400000000013,586.5980000000002,42,-8.4,1
CO[C@@H]1[C@@H](OC(=O)c2ccc(C)[nH]2)[C@@H](O)[C@H](Oc2ccc3c(O)c(NC(=O)c4ccc(N)nn4)c(=O)oc3c2C)OC1(C)C,4.539953792490588,2.18324,609.5920000000001,44,-8.5,1
CO[C@@H]1[C@@H](OC(=O)c2ccc(C)[nH]2)[C@@H](O)[C@H](Oc2ccc3c(O)c(Nc4nc(=O)cn[nH]4)c(=O)oc3c2C)OC1(C)C,4.660911600816803,1.7806399999999991,583.5540000000002,42,-8.6,1
CO[C@@H]1[C@@H](OC(=O)c2ccc(C)[nH]2)[C@@H](O)[C@H](Oc2ccc3c(O)c(-c4cncc(N)c4)c(=O)oc3c2C)OC1(C)C,4.490930706403708,3.2029400000000017,565.5790000000002,41,-8.8,1
CO[C@@H]1[C@@H](OC(=O)c2ccc(C)[nH]2)[C@@H](O)[C@H](Oc2ccc3c(O)c(-c4ccc(C(N)=O)c(N)c4C)c(=O)oc3c2C)OC1(C)C,4.577662284197105,3.2152600000000016,621.6430000000001,45,-9.5,1
CO[C@@H]1[C@@H](OC(=O)c2ccc(C)[nH]2)[C@@H](O)[C@H](Oc2ccc3c(O)c(CCN4CCC(N)CC4)c(=O)oc3c2C)OC1(C)C,4.499798438915107,2.52434,599.6810000000003,43,-8.5,1
CO[C@@H]1[C@@H](OC(=O)c2ccc(C)[nH]2)[C@@H](O)[C@H](Oc2ccc3c(O)c(-c4ccc5c(c4N)NC(=O)CO5)c(=O)oc3c2C)OC1(C)C,4.722398123708998,3.138840000000002,635.6260000000002,46,-10.3,1
CO[C@@H]1[C@@H](OC(=O)c2ccc(C)[nH]2)[C@@H](O)[C@H](Oc2ccc3c(O)c(CNC(=O)COc4ccc(CN)cc4)c(=O)oc3c2C)OC1(C)C,4.432088362380064,2.7126400000000013,665.6960000000003,48,-8.5,1
CO[C@@H]1[C@@H](OC(=O)c2ccc(C)[nH]2)[C@@H](O)[C@H](Oc2ccc3c(O)c(-c4ccn(C)c(=O)c4N)c(=O)oc3c2C)OC1(C)C,4.631393237781399,2.50664,595.6050000000002,43,-8.9,1
CO[C@@H]1[C@@H](OC(=O)c2ccc(C)[nH]2)[C@@H](O)[C@H](Oc2ccc3c(O)c(-c4nc(C)cc(N)n4)c(=O)oc3c2C)OC1(C)C,4.5384852163167455,2.906360000000001,580.5940000000003,42,-8.6,1
CO[C@@H]1[C@@H](OC(=O)c2ccc(C)[nH]2)[C@@H](O)[C@H](Oc2ccc3c(O)c(Cc4cc(C)cc5nc(N)ccc45)c(=O)oc3c2C)OC1(C)C,4.574662113257251,4.588360000000003,643.6930000000002,47,-9.8,1
CO[C@@H]1[C@@H](OC(=O)c2ccc(C)[nH]2)[C@@H](O)[C@H](Oc2ccc3c(O)c(COC(=O)[C@H]4C[C@H](N)C4)c(=O)oc3c2C)OC1(C)C,4.564460693402701,2.33924,600.6210000000002,43,-8.5,1
CO[C@@H]1[C@@H](OC(=O)c2ccc(C)[nH]2)[C@@H](O)[C@H](Oc2ccc3c(O)c(-c4ccccc4N)c(=O)oc3c2C)OC1(C)C,4.357556710488119,3.807940000000002,564.5910000000002,41,-8.5,1
CO[C@@H]1[C@@H](OC(=O)c2ccc(C)[nH]2)[C@@H](O)[C@H](Oc2ccc3c(O)c(CC(=O)Nc4ccc(N)cc4)c(=O)oc3c2C)OC1(C)C,4.368535717057211,3.322140000000002,621.6430000000001,45,-8.2,1
CO[C@@H]1[C@@H](OC(=O)c2ccc(C)[nH]2)[C@@H](O)[C@H](Oc2ccc3c(O)c(OCc4ccc(N)c(F)c4)c(=O)oc3c2C)OC1(C)C,4.4327719743087695,3.859040000000002,612.6070000000001,44,-9.0,1
CO[C@@H]1[C@@H](OC(=O)c2ccc(C)[nH]2)[C@@H](O)[C@H](Oc2ccc3c(O)c(C4C5C(N)C6CC6C45)c(=O)oc3c2C)OC1(C)C,5.338286108480442,2.8653400000000007,580.6340000000002,42,-8.9,1
CO[C@@H]1[C@@H](OC(=O)c2ccc(C)[nH]2)[C@@H](O)[C@H](Oc2ccc3c(O)c(Cn4cnc(N)n4)c(=O)oc3c2C)OC1(C)C,4.567482782646049,1.780739999999999,569.5710000000003,41,-7.0,1
C#CCNc1c(O)c2ccc(O[C@@H]3OC(C)(C)[C@H](OC)[C@@H](OC(=O)c4ccc(C)[nH]4)[C@H]3O)c(C)c2oc1=O,4.569644138571015,2.60384,526.5420000000003,38,-7.6,1
CO[C@@H]1[C@@H](OC(=O)c2ccc(C)[nH]2)[C@@H](O)[C@H](Oc2ccc3c(O)c(-c4c(N)[nH]c(C)nc4=O)c(=O)oc3c2C)OC1(C)C,4.666905663816903,2.19966,596.5930000000002,43,-8.9,1
CO[C@@H]1[C@@H](OC(=O)c2ccc(C)[nH]2)[C@@H](O)[C@H](Oc2ccc3c(O)c(-c4ccc5ncnc(N)c5n4)c(=O)oc3c2C)OC1(C)C,4.56092262921602,3.1461400000000017,617.6150000000001,45,-9.2,1
CO[C@@H]1[C@@H](OC(=O)c2ccc(C)[nH]2)[C@@H](O)[C@H](Oc2ccc3c(O)c(-c4cccc(N)c4)c(=O)oc3c2C)OC1(C)C,4.357320223081719,3.807940000000002,564.5910000000002,41,-7.6,1
CO[C@@H]1[C@@H](OC(=O)c2ccc(C)[nH]2)[C@@H](O)[C@H](Oc2ccc3c(O)c(Nc4cccnc4)c(=O)oc3c2C)OC1(C)C,4.412049634424918,3.6973400000000014,565.5790000000002,41,-8.1,1
CO[C@@H]1[C@@H](OC(=O)c2ccc(C)[nH]2)[C@@H](O)[C@H](Oc2ccc3c(O)c(NC(=O)Cc4ccccc4N)c(=O)oc3c2C)OC1(C)C,4.410042913086988,3.322140000000002,621.6430000000001,45,-8.8,1
CO[C@@H]1[C@@H](OC(=O)c2ccc(C)[nH]2)[C@@H](O)[C@H](Oc2ccc3c(O)c(-c4nc(N)[nH]c(=O)n4)c(=O)oc3c2C)OC1(C)C,4.699984346751528,1.2862399999999994,583.5540000000002,42,-8.8,1
CO[C@@H]1[C@@H](OC(=O)c2ccc(C)[nH]2)[C@@H](O)[C@H](Oc2ccc3c(O)c(-c4nc(N)c5nn[nH]c5n4)c(=O)oc3c2C)OC1(C)C,4.842448066770704,1.86924,607.5800000000002,44,-9.6,1
CO[C@@H]1[C@@H](OC(=O)c2ccc(C)[nH]2)[C@@H](O)[C@H](Oc2ccc3c(O)c(CCc4[nH]c(=O)[nH]c(=O)c4N)c(=O)oc3c2C)OC1(C)C,4.74956427724604,1.3027399999999996,626.6190000000001,45,-9.0,1
CO[C@@H]1[C@@H](OC(=O)c2ccc(C)[nH]2)[C@@H](O)[C@H](Oc2ccc3c(O)c(N[C@H](C)c4nnn[nH]4)c(=O)oc3c2C)OC1(C)C,4.861635766431817,2.24494,584.5860000000001,42,-9.5,1
CCc1ccc(-c2c(O)c3ccc(O[C@@H]4OC(C)(C)[C@H](OC)[C@@H](OC(=O)c5ccc(C)[nH]5)[C@H]4O)c(C)c3oc2=O)cc1N,4.447262027270918,4.3703400000000014,592.6450000000001,43,-9.2,1
CO[C@@H]1[C@@H](OC(=O)c2ccc(C)[nH]2)[C@@H](O)[C@H](Oc2ccc3c(O)c(C#CCN)c(=O)oc3c2C)OC1(C)C,4.568039848630186,1.8689400000000005,526.5420000000004,38,-7.4,1
CO[C@@H]1[C@@H](OC(=O)c2ccc(C)[nH]2)[C@@H](O)[C@H](Oc2ccc3c(O)c(CC(=O)NCCCN)c(=O)oc3c2C)OC1(C)C,4.426690166149522,1.56624,587.6260000000003,42,-7.3,1
CO[C@@H]1[C@@H](OC(=O)c2ccc(C)[nH]2)[C@@H](O)[C@H](Oc2ccc3c(O)c(COc4ccccc4CN)c(=O)oc3c2C)OC1(C)C,4.402062064248636,3.596440000000001,608.6440000000002,44,-8.6,1
CO[C@@H]1[C@@H](OC(=O)c2ccc(C)[nH]2)[C@@H](O)[C@H](Oc2ccc3c(O)c(-c4ccc(CC(=O)NCCN)cc4)c(=O)oc3c2C)OC1(C)C,4.430216906156658,2.843140000000001,649.6970000000002,47,-8.1,1
CO[C@@H]1[C@@H](OC(=O)c2ccc(C)[nH]2)[C@@H](O)[C@H](Oc2ccc3c(O)c(O[C@@H]4COC[C@@H]4N)c(=O)oc3c2C)OC1(C)C,4.901309484191001,1.6636399999999991,574.5830000000003,41,-8.0,1
CO[C@@H]1[C@@H](OC(=O)c2ccc(C)[nH]2)[C@@H](O)[C@H](Oc2ccc3c(O)c(C(N)CNC(C)=O)c(=O)oc3c2C)OC1(C)C,4.651453802001966,1.694639999999999,573.5990000000003,41,-7.8,1
CO[C@@H]1[C@@H](OC(=O)c2ccc(C)[nH]2)[C@@H](O)[C@H](Oc2ccc3c(O)c(C(N)C(O)C(C)O)c(=O)oc3c2C)OC1(C)C,4.929414770513098,1.3002400000000005,576.5990000000002,41,-7.9,1
CO[C@@H]1[C@@H](OC(=O)c2ccc(C)[nH]2)[C@@H](O)[C@H](Oc2ccc3c(O)c(NCCC(=O)NCc4ccccc4)c(=O)oc3c2C)OC1(C)C,4.387032370269761,3.6771400000000014,649.6970000000001,47,-9.1,1
CO[C@@H]1[C@@H](OC(=O)c2ccc(C)[nH]2)[C@@H](O)[C@H](Oc2ccc3c(O)c(-c4nc(C(=O)NCCN)n[nH]4)c(=O)oc3c2C)OC1(C)C,4.746372689761926,1.0323400000000005,626.6230000000002,45,-8.0,1
CO[C@@H]1[C@@H](OC(=O)c2ccc(C)[nH]2)[C@@H](O)[C@H](Oc2ccc3c(O)c(OCc4cccc(CN)c4)c(=O)oc3c2C)OC1(C)C,4.3818648385235415,3.596440000000002,608.6440000000002,44,-8.3,1
CO[C@@H]1[C@@H](OC(=O)c2ccc(C)[nH]2)[C@@H](O)[C@H](Oc2ccc3c(O)c(NC(=O)c4ccc(F)c(N)c4)c(=O)oc3c2C)OC1(C)C,4.421610806326715,3.5323400000000014,625.6060000000001,45,-9.4,1
CO[C@@H]1[C@@H](OC(=O)c2ccc(C)[nH]2)[C@@H](O)[C@H](Oc2ccc3c(O)c(NC(=O)c4ccc(N)cc4)c(=O)oc3c2C)OC1(C)C,4.342455000373613,3.3932400000000014,607.6160000000001,44,-7.9,1
CO[C@@H]1[C@@H](OC(=O)c2ccc(C)[nH]2)[C@@H](O)[C@H](Oc2ccc3c(O)c(Nc4cccc(C(N)=O)c4)c(=O)oc3c2C)OC1(C)C,4.40308856680718,3.4012400000000014,607.6160000000001,44,-8.3,1
CNS(=O)(=O)NCCNc1c(O)c2ccc(O[C@@H]3OC(C)(C)[C@H](OC)[C@@H](OC(=O)c4ccc(C)[nH]4)[C@H]3O)c(C)c2oc1=O,4.641573119438204,1.0244400000000016,624.6690000000003,43,-7.9,1
CO[C@@H]1[C@@H](OC(=O)c2ccc(C)[nH]2)[C@@H](O)[C@H](Oc2ccc3c(O)c(Nc4cc[nH]c(=O)c4)c(=O)oc3c2C)OC1(C)C,4.5836954204454505,2.990640000000001,581.5780000000002,42,-8.8,1
CO[C@@H]1[C@@H](OC(=O)c2ccc(C)[nH]2)[C@@H](O)[C@H](Oc2ccc3c(O)c(C(N)C(O)CO)c(=O)oc3c2C)OC1(C)C,4.8144762325109856,0.91174,562.5720000000002,40,-7.4,1
CO[C@@H]1[C@@H](OC(=O)c2ccc(C)[nH]2)[C@@H](O)[C@H](Oc2ccc3c(O)c(-c4ccc(NC(=O)CN)cn4)c(=O)oc3c2C)OC1(C)C,4.495548496213539,2.5179400000000003,622.6310000000001,45,-8.7,1
CO[C@@H]1[C@@H](OC(=O)c2ccc(C)[nH]2)[C@@H](O)[C@H](Oc2ccc3c(O)c(-c4ccc(CC#N)c(N)c4)c(=O)oc3c2C)OC1(C)C,4.587348833812903,3.8740200000000025,603.6280000000002,44,-9.4,1
CO[C@@H]1[C@@H](OC(=O)c2ccc(C)[nH]2)[C@@H](O)[C@H](Oc2ccc3c(O)c(-c4ccc(NC(C)=O)cc4N)c(=O)oc3c2C)OC1(C)C,4.461837823212269,3.766340000000002,621.6430000000001,45,-9.5,1
CO[C@@H]1[C@@H](OC(=O)c2ccc(C)[nH]2)[C@@H](O)[C@H](Oc2ccc3c(O)c(Nc4ccc(O)c(=O)cc4)c(=O)oc3c2C)OC1(C)C,4.49138697748741,3.368140000000001,608.6000000000001,44,-9.3,1
CO[C@@H]1[C@@H](OC(=O)c2ccc(C)[nH]2)[C@@H](O)[C@H](Oc2ccc3c(O)c(-c4ccc(C(N)=O)nc4N)c(=O)oc3c2C)OC1(C)C,4.5677371777417,2.3018400000000003,608.6040000000002,44,-9.2,1
CO[C@@H]1[C@@H](OC(=O)c2ccc(C)[nH]2)[C@@H](O)[C@H](Oc2ccc3c(O)c(Cn4nc(C(N)=O)nc4CN)c(=O)oc3c2C)OC1(C)C,4.747021312893319,0.7561400000000005,626.6230000000002,45,-8.1,1
CO[C@@H]1[C@@H](OC(=O)c2ccc(C)[nH]2)[C@@H](O)[C@H](Oc2ccc3c(O)c(NC4CN(C#N)C4)c(=O)oc3c2C)OC1(C)C,4.722503198623878,2.13592,568.5830000000002,41,-8.3,1
CO[C@@H]1[C@@H](OC(=O)c2ccc(C)[nH]2)[C@@H](O)[C@H](Oc2ccc3c(O)c(CCc4ccc(N)cc4)c(=O)oc3c2C)OC1(C)C,4.386035413705022,3.926140000000002,592.6450000000002,43,-8.8,1
CO[C@@H]1[C@@H](OC(=O)c2ccc(C)[nH]2)[C@@H](O)[C@H](Oc2ccc3c(O)c(NCc4ccc(C(N)=O)nc4)c(=O)oc3c2C)OC1(C)C,4.530516734426939,2.66474,622.6310000000001,45,-8.8,1
CO[C@@H]1[C@@H](OC(=O)c2ccc(C)[nH]2)[C@@H](O)[C@H](Oc2ccc3c(O)c(Cn4c(N)cc(=O)n(C)c4=O)c(=O)oc3c2C)OC1(C)C,4.663783091258897,1.04964,626.6190000000001,45,-8.7,1
CO[C@@H]1[C@@H](OC(=O)c2ccc(C)[nH]2)[C@@H](O)[C@H](Oc2ccc3c(O)c(-c4n[nH]c(=O)cc4N)c(=O)oc3c2C)OC1(C)C,4.671082005614404,1.89124,582.5660000000003,42,-8.8,1
CO[C@@H]1[C@@H](OC(=O)c2ccc(C)[nH]2)[C@@H](O)[C@H](Oc2ccc3c(O)c(C4ONC(=O)C4N)c(=O)oc3c2C)OC1(C)C,5.038847511760778,0.9885399999999992,573.5550000000002,41,-7.7,1
CO[C@@H]1[C@@H](OC(=O)c2ccc(C)[nH]2)[C@@H](O)[C@H](Oc2ccc3c(O)c(Nc4cc(-c5nc(C)no5)ccc4C)c(=O)oc3c2C)OC1(C)C,4.592685007839868,4.969180000000004,660.6800000000001,48,-10.1,1
CO[C@@H]1[C@@H](OC(=O)c2ccc(C)[nH]2)[C@@H](O)[C@H](Oc2ccc3c(O)c(Cn4c(N)n[nH]c4=O)c(=O)oc3c2C)OC1(C)C,4.642770835045843,1.0740399999999997,585.5700000000002,42,-6.9,1
CO[C@@H]1[C@@H](OC(=O)c2ccc(C)[nH]2)[C@@H](O)[C@H](Oc2ccc3c(O)c(CC(N)C(O)CO)c(=O)oc3c2C)OC1(C)C,4.818423369349135,0.7817399999999997,576.5990000000003,41,-7.6,1
CO[C@@H]1[C@@H](OC(=O)c2ccc(C)[nH]2)[C@@H](O)[C@H](Oc2ccc3c(O)c(OCCNC(=O)CN)c(=O)oc3c2C)OC1(C)C,4.447526821667918,1.0124400000000002,589.5980000000003,42,-7.2,1
CO[C@@H]1[C@@H](OC(=O)c2ccc(C)[nH]2)[C@@H](O)[C@H](Oc2ccc3c(O)c(CNC(=O)c4cccnc4N)c(=O)oc3c2C)OC1(C)C,4.464543161225945,2.4659400000000007,622.6310000000001,45,-8.5,1
CO[C@@H]1[C@@H](OC(=O)c2ccc(C)[nH]2)[C@@H](O)[C@H](Oc2ccc3c(O)c(C=CCN)c(=O)oc3c2C)OC1(C)C,4.558113221411252,2.530640000000001,528.5580000000003,38,-6.8,1
CO[C@@H]1[C@@H](OC(=O)c2ccc(C)[nH]2)[C@@H](O)[C@H](Oc2ccc3c(O)c(C[C@H](N)CO)c(=O)oc3c2C)OC1(C)C,4.623086857088086,1.4208399999999994,546.5730000000003,39,-7.5,1
CO[C@@H]1[C@@H](OC(=O)c2ccc(C)[nH]2)[C@@H](O)[C@H](Oc2ccc3c(O)c(NC(=O)CNC(=O)c4cccc(N)c4)c(=O)oc3c2C)OC1(C)C,4.441599201540903,2.50944,664.6680000000001,48,-8.3,1
CO[C@@H]1[C@@H](OC(=O)c2ccc(C)[nH]2)[C@@H](O)[C@H](Oc2ccc3c(O)c(Nc4nnn[nH]4)c(=O)oc3c2C)OC1(C)C,4.701519257261422,1.81544,556.5320000000002,40,-7.8,1
CO[C@@H]1[C@@H](OC(=O)c2ccc(C)[nH]2)[C@@H](O)[C@H](Oc2ccc3c(O)c(C4(N)CCN(C(C)=O)C4)c(=O)oc3c2C)OC1(C)C,4.838927034084028,1.9649399999999992,599.6370000000003,43,-9.0,1
CO[C@@H]1[C@@H](OC(=O)c2ccc(C)[nH]2)[C@@H](O)[C@H](Oc2ccc3c(O)c(OCCn4ncc(C(N)=O)c4N)c(=O)oc3c2C)OC1(C)C,4.638404016241662,1.51534,641.6340000000002,46,-8.5,1
CO[C@@H]1[C@@H](OC(=O)c2ccc(C)[nH]2)[C@@H](O)[C@H](Oc2ccc3c(O)c(-c4cc5nc(O)ccc5cc4N)c(=O)oc3c2C)OC1(C)C,4.687367354478229,4.061740000000002,631.6380000000001,46,-10.0,1
CCCCCNc1c(O)c2ccc(O[C@@H]3OC(C)(C)[C@H](OC)[C@@H](OC(=O)c4ccc(C)[nH]4)[C@H]3O)c(C)c2oc1=O,4.386981283343448,4.160840000000002,558.6280000000003,40,-7.2,1
CO[C@@H]1[C@@H](OC(=O)c2ccc(C)[nH]2)[C@@H](O)[C@H](Oc2ccc3c(O)c(NC(=O)c4cccc(N)c4)c(=O)oc3c2C)OC1(C)C,4.368359895478509,3.3932400000000014,607.6160000000001,44,-8.0,1
CO[C@@H]1[C@@H](OC(=O)c2ccc(C)[nH]2)[C@@H](O)[C@H](Oc2ccc3c(O)c(-c4cc(C)cc(C5(N)CCCC5)c4)c(=O)oc3c2C)OC1(C)C,4.658943651718788,5.262160000000005,646.7370000000003,47,-10.3,1
CO[C@@H]1[C@@H](OC(=O)c2ccc(C)[nH]2)[C@@H](O)[C@H](Oc2ccc3c(O)c(NC(=O)C(N)C(N)=O)c(=O)oc3c2C)OC1(C)C,4.735297387051052,0.3098400000000001,588.5700000000002,42,-7.3,1
CO[C@@H]1[C@@H](OC(=O)c2ccc(C)[nH]2)[C@@H](O)[C@H](Oc2ccc3c(O)c(N4CCc5nc(N)ncc5C4=O)c(=O)oc3c2C)OC1(C)C,4.73105251498701,2.13384,635.6300000000002,46,-9.8,1
CO[C@@H]1[C@@H](OC(=O)c2ccc(C)[nH]2)[C@@H](O)[C@H](Oc2ccc3c(O)c(-c4cnc(N)nc4)c(=O)oc3c2C)OC1(C)C,4.494062632884306,2.5979400000000004,566.5670000000002,41,-8.5,1
CO[C@@H]1[C@@H](OC(=O)c2ccc(C)[nH]2)[C@@H](O)[C@H](Oc2ccc3c(O)c(Cc4cc(S(N)(=O)=O)ccc4N)c(=O)oc3c2C)OC1(C)C,4.556575172285617,2.37914,657.6980000000001,46,-9.5,1
CO[C@@H]1[C@@H](OC(=O)c2ccc(C)[nH]2)[C@@H](O)[C@H](Oc2ccc3c(O)c(C(N)(CO)CO)c(=O)oc3c2C)OC1(C)C,4.7253463882385525,0.6973399999999994,562.5720000000002,40,-7.1,1
CO[C@@H]1[C@@H](OC(=O)c2ccc(C)[nH]2)[C@@H](O)[C@H](Oc2ccc3c(O)c(-c4cc(N)c(C#N)cc4F)c(=O)oc3c2C)OC1(C)C,4.607900254664778,3.8187200000000017,607.5910000000001,44,-9.6,1
CO[C@@H]1[C@@H](OC(=O)c2ccc(C)[nH]2)[C@@H](O)[C@H](Oc2ccc3c(O)c(CNC(=O)C(C)CN)c(=O)oc3c2C)OC1(C)C,4.617380984915693,1.7697399999999996,587.6260000000002,42,-7.9,1
CO[C@@H]1[C@@H](OC(=O)c2ccc(C)[nH]2)[C@@H](O)[C@H](Oc2ccc3c(O)c(C4(N)CCCCNC4=O)c(=O)oc3c2C)OC1(C)C,4.871150141094359,2.01284,599.6370000000003,43,-9.1,1
CO[C@@H]1[C@@H](OC(=O)c2ccc(C)[nH]2)[C@@H](O)[C@H](Oc2ccc3c(O)c(-c4ccc5cc[nH]c5c4N)c(=O)oc3c2C)OC1(C)C,4.645189176480667,4.289240000000002,603.6280000000002,44,-10.0,1
CO[C@@H]1[C@@H](OC(=O)c2ccc(C)[nH]2)[C@@H](O)[C@H](Oc2ccc3c(O)c(CCCNC(=O)CN)c(=O)oc3c2C)OC1(C)C,4.461934045748184,1.56624,587.6260000000003,42,-8.0,1
CO[C@@H]1[C@@H](OC(=O)c2ccc(C)[nH]2)[C@@H](O)[C@H](Oc2ccc3c(O)c(NS(=O)(=O)c4cccc(N)c4)c(=O)oc3c2C)OC1(C)C,4.473790543662549,2.941740000000001,643.671,45,-9.2,1
CO[C@@H]1[C@@H](OC(=O)c2ccc(C)[nH]2)[C@@H](O)[C@H](Oc2ccc3c(O)c(CCCN)c(=O)oc3c2C)OC1(C)C,4.408813073482257,2.4500400000000004,530.5740000000004,38,-6.9,1
CO[C@@H]1[C@@H](OC(=O)c2ccc(C)[nH]2)[C@@H](O)[C@H](Oc2ccc3c(O)c(-c4ccc5ccc(N)cc5c4O)c(=O)oc3c2C)OC1(C)C,4.531997154599367,4.6667400000000026,630.6500000000001,46,-9.7,1
CO[C@@H]1[C@@H](OC(=O)c2ccc(C)[nH]2)[C@@H](O)[C@H](Oc2ccc3c(O)c(NCCc4nccn4-c4ccccc4)c(=O)oc3c2C)OC1(C)C,4.553323234174938,4.399040000000004,658.7080000000001,48,-9.8,1
CO[C@@H]1[C@@H](OC(=O)c2ccc(C)[nH]2)[C@@H](O)[C@H](Oc2ccc3c(O)c(NCCC(=O)N4CCN(C)CC4)c(=O)oc3c2C)OC1(C)C,4.512414114017901,2.13474,642.7060000000002,46,-8.1,1
COC(=O)Nc1ccc(N)c(-c2c(O)c3ccc(O[C@@H]4OC(C)(C)[C@H](OC)[C@@H](OC(=O)c5ccc(C)[nH]5)[C@H]4O)c(C)c3oc2=O)c1,4.499608411846057,3.986240000000002,637.6420000000003,46,-9.7,1
COc1ccc(CNc2c(O)c3ccc(O[C@@H]4OC(C)(C)[C@H](OC)[C@@H](OC(=O)c5ccc(C)[nH]5)[C@H]4O)c(C)c3oc2=O)cc1,4.3340297817770095,4.179440000000003,608.6440000000002,44,-8.7,1
CO[C@@H]1[C@@H](OC(=O)c2ccc(C)[nH]2)[C@@H](O)[C@H](Oc2ccc3c(O)c(-c4cnn(CCN)c4)c(=O)oc3c2C)OC1(C)C,4.557587065007786,2.3809400000000007,582.6100000000002,42,-8.3,1
CO[C@@H]1[C@@H](OC(=O)c2ccc(C)[nH]2)[C@@H](O)[C@H](Oc2ccc3c(O)c(-c4nc(N)ncc4F)c(=O)oc3c2C)OC1(C)C,4.555252306617749,2.7370400000000004,584.5570000000002,42,-8.8,1
CO[C@@H]1[C@@H](OC(=O)c2ccc(C)[nH]2)[C@@H](O)[C@H](Oc2ccc3c(O)c(OCCCN)c(=O)oc3c2C)OC1(C)C,4.391470259363503,2.28634,546.5730000000003,39,-7.1,1
CO[C@@H]1[C@@H](OC(=O)c2ccc(C)[nH]2)[C@@H](O)[C@H](Oc2ccc3c(O)c(-c4nc5ccc(N)cc5o4)c(=O)oc3c2C)OC1(C)C,4.53828324962064,3.9491400000000016,605.6000000000001,44,-9.4,1
CO[C@@H]1[C@@H](OC(=O)c2ccc(C)[nH]2)[C@@H](O)[C@H](Oc2ccc3c(O)c(COc4cccc(CN)c4)c(=O)oc3c2C)OC1(C)C,4.39408690661938,3.596440000000002,608.6440000000002,44,-8.5,1
CO[C@@H]1[C@@H](OC(=O)c2ccc(C)[nH]2)[C@@H](O)[C@H](Oc2ccc3c(O)c(C=CC(O)C(O)CN)c(=O)oc3c2C)OC1(C)C,4.933200021570227,1.2524399999999996,588.6100000000001,42,-8.3,1
CO[C@@H]1[C@@H](OC(=O)c2ccc(C)[nH]2)[C@@H](O)[C@H](Oc2ccc3c(O)c(C(O)(CN)CO)c(=O)oc3c2C)OC1(C)C,4.828752472509622,0.6973399999999993,562.5720000000002,40,-6.7,1
CO[C@@H]1[C@@H](OC(=O)c2ccc(C)[nH]2)[C@@H](O)[C@H](Oc2ccc3c(O)c(-c4cccc(CN)c4)c(=O)oc3c2C)OC1(C)C,4.363019956254469,3.684440000000001,578.6180000000003,42,-8.3,1
CO[C@@H]1[C@@H](OC(=O)c2ccc(C)[nH]2)[C@@H](O)[C@H](Oc2ccc3c(O)c(COc4cc(C(N)=O)ccc4N)c(=O)oc3c2C)OC1(C)C,4.489911708549354,2.8188400000000016,637.6420000000002,46,-9.2,1
CO[C@@H]1[C@@H](OC(=O)c2ccc(C)[nH]2)[C@@H](O)[C@H](Oc2ccc3c(O)c(NCc4nnn[nH]4)c(=O)oc3c2C)OC1(C)C,4.697154087866213,1.683939999999999,570.5590000000002,41,-8.0,1
CO[C@@H]1[C@@H](OC(=O)c2ccc(C)[nH]2)[C@@H](O)[C@H](Oc2ccc3c(O)c(NC(CO)CO)c(=O)oc3c2C)OC1(C)C,4.543039366361347,1.3238399999999997,562.5720000000002,40,-6.9,1
CO[C@@H]1[C@@H](OC(=O)c2ccc(C)[nH]2)[C@@H](O)[C@H](Oc2ccc3c(O)c(-c4ncn(C)c(=O)c4N)c(=O)oc3c2C)OC1(C)C,4.679224007012168,1.90164,596.5930000000002,43,-8.9,1
CO[C@@H]1[C@@H](OC(=O)c2ccc(C)[nH]2)[C@@H](O)[C@H](Oc2ccc3c(O)c(-c4cc5cc(N)ncc5[nH]4)c(=O)oc3c2C)OC1(C)C,4.659751471562633,3.6842400000000017,604.6160000000001,44,-9.6,1
CO[C@@H]1[C@@H](OC(=O)c2ccc(C)[nH]2)[C@@H](O)[C@H](Oc2ccc3c(O)c(C4(N)CN(C)NC4=O)c(=O)oc3c2C)OC1(C)C,5.017657503134317,0.6893400000000014,586.5980000000002,42,-7.4,1
CO[C@@H]1[C@@H](OC(=O)c2ccc(C)[nH]2)[C@@H](O)[C@H](Oc2ccc3c(O)c(-c4ccc(-c5ccc(N)cc5)cc4)c(=O)oc3c2C)OC1(C)C,4.345761319183444,5.474940000000004,640.6890000000001,47,-9.1,1
CO[C@@H]1[C@@H](OC(=O)c2ccc(C)[nH]2)[C@@H](O)[C@H](Oc2ccc3c(O)c(-c4[nH]c(=O)[nH]c(=O)c4N)c(=O)oc3c2C)OC1(C)C,4.694528149024003,1.184539999999999,598.5650000000002,43,-8.2,1
CO[C@@H]1[C@@H](OC(=O)c2ccc(C)[nH]2)[C@@H](O)[C@H](Oc2ccc3c(O)c(-c4nc(N)[nH]c4C)c(=O)oc3c2C)OC1(C)C,4.615928610711789,2.8394600000000008,568.5830000000002,41,-8.6,1
CO[C@@H]1[C@@H](OC(=O)c2ccc(C)[nH]2)[C@@H](O)[C@H](Oc2ccc3c(O)c(Cc4cccc(CN)c4)c(=O)oc3c2C)OC1(C)C,4.382454030382464,3.608240000000001,592.6450000000002,43,-7.9,1
CO[C@@H]1[C@@H](OC(=O)c2ccc(C)[nH]2)[C@@H](O)[C@H](Oc2ccc3c(O)c(Nc4cncnc4-c4ccccc4)c(=O)oc3c2C)OC1(C)C,4.55357801965854,4.759340000000004,642.6650000000001,47,-9.8,1
CO[C@@H]1[C@@H](OC(=O)c2ccc(C)[nH]2)[C@@H](O)[C@H](Oc2ccc3c(O)c(-c4ccc5c(N)n[nH]c5[n+]4[O-])c(=O)oc3c2C)OC1(C)C,4.935057801424458,2.31764,621.6030000000001,45,-10.2,1
CO[C@@H]1[C@@H](OC(=O)c2ccc(C)[nH]2)[C@@H](O)[C@H](Oc2ccc3c(O)c(C(N)CN4CCNC(=O)C4)c(=O)oc3c2C)OC1(C)C,4.778761391913173,0.9903400000000002,614.6520000000002,44,-8.5,1
CO[C@@H]1[C@@H](OC(=O)c2ccc(C)[nH]2)[C@@H](O)[C@H](Oc2ccc3c(O)c(NCCN4CCN(C)CC4)c(=O)oc3c2C)OC1(C)C,4.47433558253363,2.21804,614.6960000000003,44,-8.2,1
CO[C@@H]1[C@@H](OC(=O)c2ccc(C)[nH]2)[C@@H](O)[C@H](Oc2ccc3c(O)c(CCCNC(=O)c4ccccc4N)c(=O)oc3c2C)OC1(C)C,4.439263770061983,3.503540000000002,649.6970000000002,47,-9.2,1
CO[C@@H]1[C@@H](OC(=O)c2ccc(C)[nH]2)[C@@H](O)[C@H](Oc2ccc3c(O)c(NC(C(N)=O)C(N)=O)c(=O)oc3c2C)OC1(C)C,4.661767193408527,0.3098400000000001,588.5700000000002,42,-6.7,1
CO[C@@H]1[C@@H](OC(=O)c2ccc(C)[nH]2)[C@@H](O)[C@H](Oc2ccc3c(O)c(Nc4cn[nH]c(=O)c4)c(=O)oc3c2C)OC1(C)C,4.618701123363223,2.3856400000000004,582.5660000000001,42,-8.7,1
CO[C@@H]1[C@@H](OC(=O)c2ccc(C)[nH]2)[C@@H](O)[C@H](Oc2ccc3c(O)c(CC(=O)N4CCN(CCN)CC4)c(=O)oc3c2C)OC1(C)C,4.4986987899718685,1.2041400000000009,642.7060000000004,46,-7.7,1
CO[C@@H]1[C@@H](OC(=O)c2ccc(C)[nH]2)[C@@H](O)[C@H](Oc2ccc3c(O)c(Nc4ncccn4)c(=O)oc3c2C)OC1(C)C,4.468363399607103,3.092340000000001,566.5670000000001,41,-8.3,1
CO[C@@H]1[C@@H](OC(=O)c2ccc(C)[nH]2)[C@@H](O)[C@H](Oc2ccc3c(O)c(C4CC(N)C4)c(=O)oc3c2C)OC1(C)C,4.533910937306613,2.763440000000001,542.5850000000003,39,-8.2,1
CO[C@@H]1[C@@H](OC(=O)c2ccc(C)[nH]2)[C@@H](O)[C@H](Oc2ccc3c(O)c(CNC(=O)c4ccc(N)cc4)c(=O)oc3c2C)OC1(C)C,4.369689191002622,3.070940000000001,621.6430000000001,45,-8.6,1
CO[C@@H]1[C@@H](OC(=O)c2ccc(C)[nH]2)[C@@H](O)[C@H](Oc2ccc3c(O)c(-c4cc5c(N)cc(=O)[nH]c5cn4)c(=O)oc3c2C)OC1(C)C,4.702292854175381,3.0444400000000007,632.6260000000001,46,-9.9,1
CO[C@@H]1[C@@H](OC(=O)c2ccc(C)[nH]2)[C@@H](O)[C@H](Oc2ccc3c(O)c(-c4ccc5c(N)n[nH]c5c4F)c(=O)oc3c2C)OC1(C)C,4.686327280332646,3.8233400000000017,622.6060000000001,45,-9.9,1
CO[C@@H]1[C@@H](OC(=O)c2ccc(C)[nH]2)[C@@H](O)[C@H](Oc2ccc3c(O)c(-c4ccc(CN)cc4)c(=O)oc3c2C)OC1(C)C,4.335099664477282,3.684440000000002,578.6180000000003,42,-7.6,1
CO[C@@H]1[C@@H](OC(=O)c2ccc(C)[nH]2)[C@@H](O)[C@H](Oc2ccc3c(O)c(CNC(=O)c4c(N)cnn4C)c(=O)oc3c2C)OC1(C)C,4.59710011214285,1.80444,625.6350000000001,45,-8.3,1
CO[C@@H]1[C@@H](OC(=O)c2ccc(C)[nH]2)[C@@H](O)[C@H](Oc2ccc3c(O)c(Cc4nnc(N)[nH]c4=O)c(=O)oc3c2C)OC1(C)C,4.733704921664661,1.210039999999999,597.5810000000001,43,-8.0,1
CO[C@@H]1[C@@H](OC(=O)c2ccc(C)[nH]2)[C@@H](O)[C@H](Oc2ccc3c(O)c(COc4cc(S(N)(=O)=O)ccc4N)c(=O)oc3c2C)OC1(C)C,4.550912897280918,2.36734,673.697,47,-9.2,1
CO[C@@H]1[C@@H](OC(=O)c2ccc(C)[nH]2)[C@@H](O)[C@H](Oc2ccc3c(O)c(Cc4nc(N)n[nH]4)c(=O)oc3c2C)OC1(C)C,4.600017568214463,1.849839999999999,569.5710000000003,41,-7.9,1
CO[C@@H]1[C@@H](OC(=O)c2ccc(C)[nH]2)[C@@H](O)[C@H](Oc2ccc3c(O)c(-c4cc(N)cc(C(=O)NCC(N)=O)c4)c(=O)oc3c2C)OC1(C)C,4.570668280172195,2.0230399999999995,664.6680000000002,48,-8.9,1
CO[C@@H]1[C@@H](OC(=O)c2ccc(C)[nH]2)[C@@H](O)[C@H](Oc2ccc3c(O)c(C[C@@H](O)[C@@H](C)N)c(=O)oc3c2C)OC1(C)C,4.782341617126369,1.80934,560.6000000000003,40,-7.9,1
CO[C@@H]1[C@@H](OC(=O)c2ccc(C)[nH]2)[C@@H](O)[C@H](Oc2ccc3c(O)c(-c4nc(N)no4)c(=O)oc3c2C)OC1(C)C,4.5687359686581335,2.1909399999999994,556.5280000000002,40,-8.4,1
CO[C@@H]1[C@@H](OC(=O)c2ccc(C)[nH]2)[C@@H](O)[C@H](Oc2ccc3c(O)c(C#Cc4ccc(N)nc4)c(=O)oc3c2C)OC1(C)C,4.62784161926417,2.935740000000001,589.6010000000002,43,-9.1,1
CO[C@@H]1[C@@H](OC(=O)c2ccc(C)[nH]2)[C@@H](O)[C@H](Oc2ccc3c(O)c(CNC(=O)C(N)CO)c(=O)oc3c2C)OC1(C)C,4.593167219733507,0.4945400000000011,589.5980000000002,42,-7.8,1
CO[C@@H]1[C@@H](OC(=O)c2ccc(C)[nH]2)[C@@H](O)[C@H](Oc2ccc3c(O)c(NCc4ccccc4Cl)c(=O)oc3c2C)OC1(C)C,4.372674457014655,4.824240000000003,613.063,43,-8.8,1
CCCCNc1c(O)c2ccc(O[C@@H]3OC(C)(C)[C@H](OC)[C@@H](OC(=O)c4ccc(C)[nH]4)[C@H]3O)c(C)c2oc1=O,4.389060769787658,3.7707400000000018,544.6010000000002,39,-7.2,1
CO[C@@H]1[C@@H](OC(=O)c2ccc(C)[nH]2)[C@@H](O)[C@H](Oc2ccc3c(O)c(-c4ccc5ccc(N)cc5c4)c(=O)oc3c2C)OC1(C)C,4.4261829369083285,4.961140000000003,614.6510000000001,45,-9.8,1
CO[C@@H]1[C@@H](OC(=O)c2ccc(C)[nH]2)[C@@H](O)[C@H](Oc2ccc3c(O)c(Cn4cc(N)nn4)c(=O)oc3c2C)OC1(C)C,4.632329344933319,1.780739999999999,569.5710000000003,41,-8.0,1
CO[C@@H]1[C@@H](OC(=O)c2ccc(C)[nH]2)[C@@H](O)[C@H](Oc2ccc3c(O)c(CCN4CC(N)C4=O)c(=O)oc3c2C)OC1(C)C,4.732445068703758,1.2707400000000004,585.6100000000002,42,-7.8,1
CO[C@@H]1[C@@H](OC(=O)c2ccc(C)[nH]2)[C@@H](O)[C@H](Oc2ccc3c(O)c(-c4nc(N)c5c(C#N)n[nH]c5n4)c(=O)oc3c2C)OC1(C)C,4.864200183066963,2.34592,631.6020000000001,46,-9.9,1
